"STATION","NAME","LATITUDE","LONGITUDE","ELEVATION","DATE","AWND","AWND_ATTRIBUTES","PGTM","PGTM_ATTRIBUTES","PRCP","PRCP_ATTRIBUTES","TAVG","TAVG_ATTRIBUTES","TMAX","TMAX_ATTRIBUTES","TMIN","TMIN_ATTRIBUTES","WDF2","WDF2_ATTRIBUTES","WDF5","WDF5_ATTRIBUTES","WSF2","WSF2_ATTRIBUTES","WSF5","WSF5_ATTRIBUTES","WT01","WT01_ATTRIBUTES","WT02","WT02_ATTRIBUTES","WT03","WT03_ATTRIBUTES","WT08","WT08_ATTRIBUTES"
"USW00023190","SANTA BARBARA MUNICIPAL AIRPORT, CA US","34.4241","-119.84249","2.5","2022-01-01","2.46",",,W",,,"0.00",",,W,2400",,,"59",",,W","34",",,W","  270",",,W","  280",",,W","10.1",",,W","12.1",",,W",,,,,,,,
"USW00023190","SANTA BARBARA MUNICIPAL AIRPORT, CA US","34.4241","-119.84249","2.5","2022-01-02","2.01",",,W",,,"0.00",",,W,2400",,,"61",",,W","34",",,W","  150",",,W",,,"10.1",",,W",,,,,,,,,,
"USW00023190","SANTA BARBARA MUNICIPAL AIRPORT, CA US","34.4241","-119.84249","2.5","2022-01-03","3.80",",,W",,,"0.00",",,W,2400",,,"61",",,W","33",",,W","   10",",,W","   10",",,W","14.1",",,W","16.1",",,W",,,,,,,,
"USW00023190","SANTA BARBARA MUNICIPAL AIRPORT, CA US","34.4241","-119.84249","2.5","2022-01-04","3.13",",,W",,,"0.00",",,W,2400",,,"59",",,W","37",",,W","  140",",,W","  350",",,W","8.9",",,W","11.0",",,W",,,,,,,,
"USW00023190","SANTA BARBARA MUNICIPAL AIRPORT, CA US","34.4241","-119.84249","2.5","2022-01-05","3.13",",,W",,,"0.00",",,W,2400",,,"72",",,W","42",",,W","  140",",,W","  320",",,W","15.0",",,W","19.0",",,W",,,,,,,,
"USW00023190","SANTA BARBARA MUNICIPAL AIRPORT, CA US","34.4241","-119.84249","2.5","2022-01-06","2.24",",,W",,,"0.00",",,W,2400",,,"67",",,W","42",",,W","   40",",,W","  150",",,W","8.1",",,W","10.1",",,W","    1",",,W","    1",",,W",,,,
"USW00023190","SANTA BARBARA MUNICIPAL AIRPORT, CA US","34.4241","-119.84249","2.5","2022-01-07","3.58",",,W",,,"0.00",",,W,2400",,,"59",",,W","45",",,W","   60",",,W","  150",",,W","8.1",",,W","12.1",",,W","    1",",,W","    1",",,W",,,"    1",",,W"
"USW00023190","SANTA BARBARA MUNICIPAL AIRPORT, CA US","34.4241","-119.84249","2.5","2022-01-08","2.24",",,W",,,"0.00",",,W,2400",,,"62",",,W","41",",,W","  200",",,W","  150",",,W","8.1",",,W","11.0",",,W","    1",",,W",,,,,"    1",",,W"
"USW00023190","SANTA BARBARA MUNICIPAL AIRPORT, CA US","34.4241","-119.84249","2.5","2022-01-09","2.01",",,W",,,"0.00",",,W,2400",,,"67",",,W","38",",,W","  260",",,W","  250",",,W","10.1",",,W","13.0",",,W","    1",",,W",,,,,,
"USW00023190","SANTA BARBARA MUNICIPAL AIRPORT, CA US","34.4241","-119.84249","2.5","2022-01-10","1.79",",,W",,,"0.00",",,W,2400",,,"70",",,W","40",",,W","  240",",,W","  240",",,W","8.1",",,W","10.1",",,W",,,,,,,,
"USW00023190","SANTA BARBARA MUNICIPAL AIRPORT, CA US","34.4241","-119.84249","2.5","2022-01-11","2.01",",,W",,,"0.00",",,W,2400",,,"70",",,W","35",",,W","  250",",,W","  240",",,W","10.1",",,W","13.0",",,W",,,,,,,,
"USW00023190","SANTA BARBARA MUNICIPAL AIRPORT, CA US","34.4241","-119.84249","2.5","2022-01-12","2.01",",,W",,,"0.00",",,W,2400",,,"72",",,W","38",",,W","  260",",,W","  260",",,W","12.1",",,W","13.0",",,W",,,,,,,,
"USW00023190","SANTA BARBARA MUNICIPAL AIRPORT, CA US","34.4241","-119.84249","2.5","2022-01-13","2.24",",,W",,,"0.00",",,W,2400",,,"69",",,W","48",",,W","   20",",,W","  120",",,W","10.1",",,W","12.1",",,W",,,,,,,,
"USW00023190","SANTA BARBARA MUNICIPAL AIRPORT, CA US","34.4241","-119.84249","2.5","2022-01-14","2.24",",,W",,,"0.00",",,W,2400",,,"67",",,W","42",",,W","  240",",,W","  230",",,W","8.9",",,W","11.0",",,W",,,,,,,,
"USW00023190","SANTA BARBARA MUNICIPAL AIRPORT, CA US","34.4241","-119.84249","2.5","2022-01-15","1.57",",,W",,,"0.00","T,,W,2400",,,"68",",,W","47",",,W","  120",",,W","  130",",,W","8.1",",,W","8.9",",,W",,,,,,,,
"USW00023190","SANTA BARBARA MUNICIPAL AIRPORT, CA US","34.4241","-119.84249","2.5","2022-01-16","2.68",",,W",,,"0.00",",,W,2400",,,"71",",,W","55",",,W","  270",",,W","  260",",,W","10.1",",,W","13.0",",,W",,,,,,,,
"USW00023190","SANTA BARBARA MUNICIPAL AIRPORT, CA US","34.4241","-119.84249","2.5","2022-01-17","3.36",",,W",,,"0.06",",,W,2400",,,"62",",,W","51",",,W","  110",",,W","  100",",,W","12.1",",,W","14.1",",,W","    1",",,W",,,,,,
"USW00023190","SANTA BARBARA MUNICIPAL AIRPORT, CA US","34.4241","-119.84249","2.5","2022-01-18","2.91",",,W",,,"0.00",",,W,2400",,,"62",",,W","46",",,W","  130",",,W","  130",",,W","12.1",",,W","13.0",",,W","    1",",,W","    1",",,W",,,,
"USW00023190","SANTA BARBARA MUNICIPAL AIRPORT, CA US","34.4241","-119.84249","2.5","2022-01-19","2.68",",,W",,,"0.00",",,W,2400",,,"61",",,W","43",",,W","  130",",,W","  130",",,W","8.1",",,W","10.1",",,W","    1",",,W",,,,,,
"USW00023190","SANTA BARBARA MUNICIPAL AIRPORT, CA US","34.4241","-119.84249","2.5","2022-01-20","2.24",",,W",,,"0.00",",,W,2400",,,"69",",,W","39",",,W","  180",",,W","  160",",,W","12.1",",,W","15.0",",,W","    1",",,W",,,,,"    1",",,W"
"USW00023190","SANTA BARBARA MUNICIPAL AIRPORT, CA US","34.4241","-119.84249","2.5","2022-01-21","4.25",",,W",,,"0.00",",,W,2400",,,"68",",,W","38",",,W","   20",",,W","   20",",,W","19.9",",,W","23.0",",,W",,,,,,,,
"USW00023190","SANTA BARBARA MUNICIPAL AIRPORT, CA US","34.4241","-119.84249","2.5","2022-01-22","4.25",",,W",,,"0.00",",,W,2400",,,"67",",,W","37",",,W","  260",",,W","  270",",,W","14.1",",,W","16.1",",,W",,,,,,,,
"USW00023190","SANTA BARBARA MUNICIPAL AIRPORT, CA US","34.4241","-119.84249","2.5","2022-01-23","2.68",",,W",,,"0.00",",,W,2400",,,"71",",,W","37",",,W","  260",",,W","  270",",,W","10.1",",,W","12.1",",,W",,,,,,,,
"USW00023190","SANTA BARBARA MUNICIPAL AIRPORT, CA US","34.4241","-119.84249","2.5","2022-01-24","2.68",",,W",,,"0.00",",,W,2400",,,"67",",,W","34",",,W","  120",",,W","  120",",,W","8.9",",,W","10.1",",,W",,,,,,,,
"USW00023190","SANTA BARBARA MUNICIPAL AIRPORT, CA US","34.4241","-119.84249","2.5","2022-01-25","2.46",",,W",,,"0.00",",,W,2400",,,"63",",,W","38",",,W","  130",",,W","  130",",,W","10.1",",,W","13.0",",,W",,,,,,,,
"USW00023190","SANTA BARBARA MUNICIPAL AIRPORT, CA US","34.4241","-119.84249","2.5","2022-01-26","2.68",",,W",,,"0.00",",,W,2400",,,"65",",,W","37",",,W","  250",",,W","  240",",,W","12.1",",,W","14.1",",,W",,,,,,,,
"USW00023190","SANTA BARBARA MUNICIPAL AIRPORT, CA US","34.4241","-119.84249","2.5","2022-01-27","2.24",",,W",,,"0.00",",,W,2400",,,"69",",,W","34",",,W","  240",",,W","  250",",,W","12.1",",,W","14.1",",,W",,,,,,,,
"USW00023190","SANTA BARBARA MUNICIPAL AIRPORT, CA US","34.4241","-119.84249","2.5","2022-01-28","2.01",",,W",,,"0.00",",,W,2400",,,"71",",,W","37",",,W","  280",",,W","  160",",,W","10.1",",,W","12.1",",,W",,,,,,,,
"USW00023190","SANTA BARBARA MUNICIPAL AIRPORT, CA US","34.4241","-119.84249","2.5","2022-01-29","2.91",",,W",,,"0.00",",,W,2400",,,"68",",,W","41",",,W","  230",",,W","  240",",,W","10.1",",,W","13.0",",,W",,,,,,,,
"USW00023190","SANTA BARBARA MUNICIPAL AIRPORT, CA US","34.4241","-119.84249","2.5","2022-01-30","3.13",",,W",,,"0.00",",,W,2400",,,"70",",,W","33",",,W","  150",",,W","  170",",,W","12.1",",,W","14.1",",,W",,,,,,,,
"USW00023190","SANTA BARBARA MUNICIPAL AIRPORT, CA US","34.4241","-119.84249","2.5","2022-01-31","1.57",",,W",,,"0.00",",,W,2400",,,"59",",,W","40",",,W","  260",",,W","  270",",,W","8.1",",,W","10.1",",,W","    1",",,W",,,,,"    1",",,W"
"USW00023190","SANTA BARBARA MUNICIPAL AIRPORT, CA US","34.4241","-119.84249","2.5","2022-02-01","3.13",",,W",,,"0.00",",,W,2400",,,"61",",,W","42",",,W","   20",",,W","   20",",,W","16.1",",,W","21.9",",,W","    1",",,W",,,,,"    1",",,W"
"USW00023190","SANTA BARBARA MUNICIPAL AIRPORT, CA US","34.4241","-119.84249","2.5","2022-02-02","3.58",",,W",,,"0.00",",,W,2400",,,"63",",,W","34",",,W","  200",",,W","  220",",,W","10.1",",,W","14.1",",,W",,,,,,,"    1",",,W"
"USW00023190","SANTA BARBARA MUNICIPAL AIRPORT, CA US","34.4241","-119.84249","2.5","2022-02-03","3.13",",,W",,,"0.00",",,W,2400",,,"64",",,W","34",",,W","  260",",,W","  250",",,W","12.1",",,W","13.0",",,W",,,,,,,,
"USW00023190","SANTA BARBARA MUNICIPAL AIRPORT, CA US","34.4241","-119.84249","2.5","2022-02-04","4.92",",,W",,,"0.00",",,W,2400",,,"68",",,W","34",",,W","  260",",,W","  260",",,W","18.1",",,W","23.0",",,W",,,,,,,,
"USW00023190","SANTA BARBARA MUNICIPAL AIRPORT, CA US","34.4241","-119.84249","2.5","2022-02-05","3.36",",,W",,,"0.00",",,W,2400",,,"67",",,W","33",",,W","  250",",,W","  250",",,W","12.1",",,W","14.1",",,W",,,,,,,,
"USW00023190","SANTA BARBARA MUNICIPAL AIRPORT, CA US","34.4241","-119.84249","2.5","2022-02-06","2.24",",,W",,,"0.00",",,W,2400",,,"69",",,W","35",",,W","  150",",,W","  140",",,W","8.1",",,W","11.0",",,W",,,,,,,,
"USW00023190","SANTA BARBARA MUNICIPAL AIRPORT, CA US","34.4241","-119.84249","2.5","2022-02-07","2.91",",,W",,,"0.00",",,W,2400",,,"77",",,W","36",",,W","  270",",,W","  280",",,W","12.1",",,W","14.1",",,W",,,,,,,,
"USW00023190","SANTA BARBARA MUNICIPAL AIRPORT, CA US","34.4241","-119.84249","2.5","2022-02-08","2.46",",,W",,,"0.00",",,W,2400",,,"73",",,W","38",",,W","  270",",,W","  270",",,W","12.1",",,W","14.1",",,W",,,,,,,,
"USW00023190","SANTA BARBARA MUNICIPAL AIRPORT, CA US","34.4241","-119.84249","2.5","2022-02-09","2.91",",,W",,,"0.00",",,W,2400",,,"82",",,W","39",",,W","  240",",,W","  240",",,W","10.1",",,W","12.1",",,W",,,,,,,,
"USW00023190","SANTA BARBARA MUNICIPAL AIRPORT, CA US","34.4241","-119.84249","2.5","2022-02-10","5.14",",,W",,,"0.00",",,W,2400",,,"81",",,W","42",",,W","  270",",,W","  260",",,W","16.1",",,W","19.0",",,W",,,,,,,,
"USW00023190","SANTA BARBARA MUNICIPAL AIRPORT, CA US","34.4241","-119.84249","2.5","2022-02-11","2.24",",,W",,,"0.00","T,,W,2400",,,"79",",,W","42",",,W","  250",",,W","  240",",,W","13.0",",,W","14.1",",,W",,,,,,,,
"USW00023190","SANTA BARBARA MUNICIPAL AIRPORT, CA US","34.4241","-119.84249","2.5","2022-02-12","1.57",",,W",,,"0.00",",,W,2400",,,"84",",,W","42",",,W","  190",",,W","  210",",,W","10.1",",,W","12.1",",,W",,,,,,,,
"USW00023190","SANTA BARBARA MUNICIPAL AIRPORT, CA US","34.4241","-119.84249","2.5","2022-02-13","2.68",",,W",,,"0.00",",,W,2400",,,"79",",,W","44",",,W","  250",",,W","  250",",,W","10.1",",,W","12.1",",,W",,,,,,,,
"USW00023190","SANTA BARBARA MUNICIPAL AIRPORT, CA US","34.4241","-119.84249","2.5","2022-02-14","3.36",",,W",,,"0.00",",,W,2400",,,"67",",,W","40",",,W","  140",",,W","  140",",,W","8.9",",,W","11.0",",,W","    1",",,W","    1",",,W",,,"    1",",,W"
"USW00023190","SANTA BARBARA MUNICIPAL AIRPORT, CA US","34.4241","-119.84249","2.5","2022-02-15","10.29",",,W",,,"0.03",",,W,2400",,,"63",",,W","47",",,W","  310",",,W","  310",",,W","28.0",",,W","40.9",",,W",,,,,,,,
"USW00023190","SANTA BARBARA MUNICIPAL AIRPORT, CA US","34.4241","-119.84249","2.5","2022-02-16","5.82",",,W",,,"0.00",",,W,2400",,,"67",",,W","38",",,W","  240",",,W","   10",",,W","14.1",",,W","19.9",",,W",,,,,,,,
"USW00023190","SANTA BARBARA MUNICIPAL AIRPORT, CA US","34.4241","-119.84249","2.5","2022-02-17","3.58",",,W",,,"0.00",",,W,2400",,,"68",",,W","38",",,W","  260",",,W","  260",",,W","14.1",",,W","17.0",",,W",,,,,,,,
"USW00023190","SANTA BARBARA MUNICIPAL AIRPORT, CA US","34.4241","-119.84249","2.5","2022-02-18","4.70",",,W",,,"0.00",",,W,2400",,,"68",",,W","39",",,W","  250",",,W","  250",",,W","16.1",",,W","19.0",",,W",,,,,,,,
"USW00023190","SANTA BARBARA MUNICIPAL AIRPORT, CA US","34.4241","-119.84249","2.5","2022-02-19","3.58",",,W",,,"0.00",",,W,2400",,,"64",",,W","38",",,W","  250",",,W","  270",",,W","14.1",",,W","16.1",",,W","    1",",,W",,,,,,
"USW00023190","SANTA BARBARA MUNICIPAL AIRPORT, CA US","34.4241","-119.84249","2.5","2022-02-20","5.37",",,W",,,"0.00",",,W,2400",,,"60",",,W","43",",,W","  240",",,W","  220",",,W","12.1",",,W","15.0",",,W","    1",",,W","    1",",,W",,,"    1",",,W"
"USW00023190","SANTA BARBARA MUNICIPAL AIRPORT, CA US","34.4241","-119.84249","2.5","2022-02-21","7.38",",,W",,,"0.00",",,W,2400",,,"63",",,W","42",",,W","  250",",,W","  250",",,W","25.1",",,W","33.1",",,W",,,,,,,,
"USW00023190","SANTA BARBARA MUNICIPAL AIRPORT, CA US","34.4241","-119.84249","2.5","2022-02-22","9.17",",,W",,,"0.00","T,,W,2400",,,"61",",,W","44",",,W","  310",",,W","  260",",,W","23.0",",,W","32.0",",,W",,,,,,,,
"USW00023190","SANTA BARBARA MUNICIPAL AIRPORT, CA US","34.4241","-119.84249","2.5","2022-02-23","8.95",",,W",,,"0.00","T,,W,2400",,,"59",",,W","37",",,W","  330",",,W","  320",",,W","23.9",",,W","32.0",",,W",,,,,,,,
"USW00023190","SANTA BARBARA MUNICIPAL AIRPORT, CA US","34.4241","-119.84249","2.5","2022-02-24","4.92",",,W",,,"0.00",",,W,2400",,,"59",",,W","33",",,W","   40",",,W","   40",",,W","18.1",",,W","23.0",",,W",,,,,,,,
"USW00023190","SANTA BARBARA MUNICIPAL AIRPORT, CA US","34.4241","-119.84249","2.5","2022-02-25","3.36",",,W",,,"0.00",",,W,2400",,,"62",",,W","33",",,W","  240",",,W","  240",",,W","13.0",",,W","16.1",",,W",,,,,,,,
"USW00023190","SANTA BARBARA MUNICIPAL AIRPORT, CA US","34.4241","-119.84249","2.5","2022-02-26","3.80",",,W",,,"0.00",",,W,2400",,,"67",",,W","34",",,W","  270",",,W","  270",",,W","16.1",",,W","19.9",",,W",,,,,,,,
"USW00023190","SANTA BARBARA MUNICIPAL AIRPORT, CA US","34.4241","-119.84249","2.5","2022-02-27","2.91",",,W",,,"0.00",",,W,2400",,,"69",",,W","37",",,W","  140",",,W","  130",",,W","10.1",",,W","12.1",",,W",,,,,,,,
"USW00023190","SANTA BARBARA MUNICIPAL AIRPORT, CA US","34.4241","-119.84249","2.5","2022-02-28","3.58",",,W",,,"0.00",",,W,2400",,,"78",",,W","36",",,W","  130",",,W","  210",",,W","15.0",",,W","18.1",",,W","    1",",,W",,,,,"    1",",,W"
"USW00023190","SANTA BARBARA MUNICIPAL AIRPORT, CA US","34.4241","-119.84249","2.5","2022-03-01","3.80",",,W",,,"0.00",",,W,2400",,,"80",",,W","39",",,W","  240",",,W","  230",",,W","14.1",",,W","18.1",",,W",,,,,,,,
"USW00023190","SANTA BARBARA MUNICIPAL AIRPORT, CA US","34.4241","-119.84249","2.5","2022-03-02","3.13",",,W",,,"0.00",",,W,2400",,,"73",",,W","41",",,W","  240",",,W","  250",",,W","14.1",",,W","15.0",",,W","    1",",,W",,,,,"    1",",,W"
"USW00023190","SANTA BARBARA MUNICIPAL AIRPORT, CA US","34.4241","-119.84249","2.5","2022-03-03","5.37",",,W",,,"0.01",",,W,2400",,,"64",",,W","44",",,W","   80",",,W","   90",",,W","18.1",",,W","23.0",",,W",,,,,,,"    1",",,W"
"USW00023190","SANTA BARBARA MUNICIPAL AIRPORT, CA US","34.4241","-119.84249","2.5","2022-03-04","9.84",",,W",,,"0.00",",,W,2400",,,"68",",,W","46",",,W","  300",",,W","  310",",,W","28.0",",,W","35.1",",,W",,,,,,,,
"USW00023190","SANTA BARBARA MUNICIPAL AIRPORT, CA US","34.4241","-119.84249","2.5","2022-03-05","11.86",",,W",,,"0.00","T,,W,2400",,,"62",",,W","44",",,W","  280",",,W","  300",",,W","25.1",",,W","35.1",",,W",,,,,,,"    1",",,W"
"USW00023190","SANTA BARBARA MUNICIPAL AIRPORT, CA US","34.4241","-119.84249","2.5","2022-03-06","4.92",",,W",,,"0.00",",,W,2400",,,"60",",,W","39",",,W","  340",",,W","  360",",,W","16.1",",,W","19.0",",,W",,,,,,,,
"USW00023190","SANTA BARBARA MUNICIPAL AIRPORT, CA US","34.4241","-119.84249","2.5","2022-03-07","4.92",",,W",,,"0.00",",,W,2400",,,"67",",,W","36",",,W","  260",",,W","  260",",,W","16.1",",,W","19.9",",,W",,,,,,,,
"USW00023190","SANTA BARBARA MUNICIPAL AIRPORT, CA US","34.4241","-119.84249","2.5","2022-03-08","3.80",",,W",,,"0.00",",,W,2400",,,"71",",,W","37",",,W","  260",",,W","  240",",,W","14.1",",,W","18.1",",,W",,,,,,,,
"USW00023190","SANTA BARBARA MUNICIPAL AIRPORT, CA US","34.4241","-119.84249","2.5","2022-03-09","4.70",",,W",,,"0.00",",,W,2400",,,"62",",,W","41",",,W","  140",",,W","  140",",,W","12.1",",,W","15.0",",,W","    1",",,W",,,,,"    1",",,W"
"USW00023190","SANTA BARBARA MUNICIPAL AIRPORT, CA US","34.4241","-119.84249","2.5","2022-03-10","4.70",",,W",,,"0.00",",,W,2400",,,"64",",,W","41",",,W","  130",",,W","  130",",,W","14.1",",,W","16.1",",,W",,,,,,,,
"USW00023190","SANTA BARBARA MUNICIPAL AIRPORT, CA US","34.4241","-119.84249","2.5","2022-03-11","4.92",",,W",,,"0.00",",,W,2400",,,"72",",,W","38",",,W","  250",",,W","  240",",,W","12.1",",,W","16.1",",,W",,,,,,,,
"USW00023190","SANTA BARBARA MUNICIPAL AIRPORT, CA US","34.4241","-119.84249","2.5","2022-03-12","3.36",",,W",,,"0.00",",,W,2400",,,"71",",,W","38",",,W","  260",",,W","  260",",,W","14.1",",,W","16.1",",,W",,,,,,,"    1",",,W"
"USW00023190","SANTA BARBARA MUNICIPAL AIRPORT, CA US","34.4241","-119.84249","2.5","2022-03-13","6.93",",,W",,,"0.00",",,W,2400",,,"77",",,W","44",",,W","  260",",,W","  260",",,W","25.1",",,W","31.1",",,W",,,,,,,"    1",",,W"
"USW00023190","SANTA BARBARA MUNICIPAL AIRPORT, CA US","34.4241","-119.84249","2.5","2022-03-14","4.92",",,W",,,"0.00",",,W,2400",,,"70",",,W","45",",,W","  130",",,W",,,"10.1",",,W",,,,,,,,,"    1",",,W"
"USW00023190","SANTA BARBARA MUNICIPAL AIRPORT, CA US","34.4241","-119.84249","2.5","2022-03-15","5.82",",,W",,,"0.00",",,W,2400",,,"80",",,W","44",",,W","  340",",,W","  270",",,W","14.1",",,W","25.9",",,W",,,,,,,,
"USW00023190","SANTA BARBARA MUNICIPAL AIRPORT, CA US","34.4241","-119.84249","2.5","2022-03-16","10.29",",,W",,,"0.00",",,W,2400",,,"84",",,W","51",",,W","  240",",,W","  310",",,W","17.0",",,W","31.1",",,W",,,,,,,,
"USW00023190","SANTA BARBARA MUNICIPAL AIRPORT, CA US","34.4241","-119.84249","2.5","2022-03-17","5.37",",,W",,,"0.00",",,W,2400",,,"73",",,W","44",",,W","  250",",,W",,,"10.1",",,W",,,"    1",",,W",,,,,,
"USW00023190","SANTA BARBARA MUNICIPAL AIRPORT, CA US","34.4241","-119.84249","2.5","2022-03-18","4.47",",,W",,,"0.00",",,W,2400",,,"76",",,W","46",",,W","  260",",,W",,,"10.1",",,W",,,"    1",",,W",,,,,,
"USW00023190","SANTA BARBARA MUNICIPAL AIRPORT, CA US","34.4241","-119.84249","2.5","2022-03-19","6.93",",,W",,,"0.00","T,,W,2400",,,"63",",,W","49",",,W","  270",",,W",,,"15.0",",,W",,,"    1",",,W",,,,,"    1",",,W"
"USW00023190","SANTA BARBARA MUNICIPAL AIRPORT, CA US","34.4241","-119.84249","2.5","2022-03-20","10.29",",,W",,,"0.00",",,W,2400",,,"78",",,W","49",",,W","  250",",,W","  260",",,W","17.0",",,W","30.0",",,W",,,,,,,,
"USW00023190","SANTA BARBARA MUNICIPAL AIRPORT, CA US","34.4241","-119.84249","2.5","2022-03-21","9.62",",,W",,,"0.00",",,W,2400",,,"77",",,W","56",",,W","  360",",,W","  330",",,W","23.0",",,W","32.0",",,W",,,,,,,,
"USW00023190","SANTA BARBARA MUNICIPAL AIRPORT, CA US","34.4241","-119.84249","2.5","2022-03-22","4.25",",,W",,,"0.00",",,W,2400",,,"84",",,W","47",",,W","  250",",,W","  260",",,W","15.0",",,W","18.1",",,W",,,,,,,,
"USW00023190","SANTA BARBARA MUNICIPAL AIRPORT, CA US","34.4241","-119.84249","2.5","2022-03-23","3.58",",,W",,,"0.00",",,W,2400",,,"76",",,W","50",",,W","  150",",,W","  160",",,W","10.1",",,W","13.0",",,W","    1",",,W",,,,,"    1",",,W"
"USW00023190","SANTA BARBARA MUNICIPAL AIRPORT, CA US","34.4241","-119.84249","2.5","2022-03-24","3.36",",,W",,,"0.00",",,W,2400",,,"72",",,W","48",",,W","  250",",,W","  250",",,W","8.9",",,W","12.1",",,W","    1",",,W","    1",",,W",,,,
"USW00023190","SANTA BARBARA MUNICIPAL AIRPORT, CA US","34.4241","-119.84249","2.5","2022-03-25","4.47",",,W",,,"0.00",",,W,2400",,,"68",",,W","51",",,W","  240",",,W","  250",",,W","8.9",",,W","14.1",",,W","    1",",,W","    1",",,W",,,"    1",",,W"
"USW00023190","SANTA BARBARA MUNICIPAL AIRPORT, CA US","34.4241","-119.84249","2.5","2022-03-26","5.14",",,W",,,"0.00",",,W,2400",,,"60",",,W","51",",,W","  210",",,W",,,"8.9",",,W",,,"    1",",,W",,,,,"    1",",,W"
"USW00023190","SANTA BARBARA MUNICIPAL AIRPORT, CA US","34.4241","-119.84249","2.5","2022-03-27","10.51",",,W",,,"0.05",",,W,2400",,,"61",",,W","53",",,W","  100",",,W","  120",",,W","15.0",",,W","23.0",",,W","    1",",,W",,,,,,
"USW00023190","SANTA BARBARA MUNICIPAL AIRPORT, CA US","34.4241","-119.84249","2.5","2022-03-28","9.17",",,W",,,"1.27",",,W,2400",,,"59",",,W","50",",,W","  100",",,W","  110",",,W","21.9",",,W","32.0",",,W","    1",",,W",,,,,"    1",",,W"
"USW00023190","SANTA BARBARA MUNICIPAL AIRPORT, CA US","34.4241","-119.84249","2.5","2022-03-29","8.50",",,W",,,"0.00",",,W,2400",,,"70",",,W","47",",,W","  250",",,W","  250",",,W","21.9",",,W","32.0",",,W","    1",",,W",,,,,,
"USW00023190","SANTA BARBARA MUNICIPAL AIRPORT, CA US","34.4241","-119.84249","2.5","2022-03-30","5.14",",,W",,,"0.00",",,W,2400",,,"65",",,W","44",",,W","   70",",,W","   70",",,W","16.1",",,W","18.1",",,W","    1",",,W",,,,,"    1",",,W"
"USW00023190","SANTA BARBARA MUNICIPAL AIRPORT, CA US","34.4241","-119.84249","2.5","2022-03-31","3.36",",,W",,,"0.00",",,W,2400",,,"64",",,W","45",",,W","  230",",,W","  240",",,W","12.1",",,W","14.1",",,W","    1",",,W",,,,,,
"USW00023190","SANTA BARBARA MUNICIPAL AIRPORT, CA US","34.4241","-119.84249","2.5","2022-04-01","4.70",",,W",,,"0.00",",,W,2400",,,"65",",,W","44",",,W","  260",",,W","  240",",,W","13.0",",,W","15.0",",,W","    1",",,W",,,,,"    1",",,W"
"USW00023190","SANTA BARBARA MUNICIPAL AIRPORT, CA US","34.4241","-119.84249","2.5","2022-04-02","5.37",",,W",,,"0.00",",,W,2400",,,"62",",,W","50",",,W","  150",",,W","  130",",,W","12.1",",,W","14.1",",,W","    1",",,W",,,,,"    1",",,W"
"USW00023190","SANTA BARBARA MUNICIPAL AIRPORT, CA US","34.4241","-119.84249","2.5","2022-04-03","4.92",",,W",,,"0.00",",,W,2400",,,"65",",,W","46",",,W","  270",",,W","  250",",,W","17.0",",,W","21.0",",,W","    1",",,W",,,,,,
"USW00023190","SANTA BARBARA MUNICIPAL AIRPORT, CA US","34.4241","-119.84249","2.5","2022-04-04","5.82",",,W",,,"0.00",",,W,2400",,,"74",",,W","46",",,W","  330",",,W","  320",",,W","18.1",",,W","21.9",",,W","    1",",,W","    1",",,W",,,"    1",",,W"
"USW00023190","SANTA BARBARA MUNICIPAL AIRPORT, CA US","34.4241","-119.84249","2.5","2022-04-05","11.41",",,W",,,"0.00",",,W,2400",,,"90",",,W","58",",,W","  300",",,W","  310",",,W","23.9",",,W","31.1",",,W",,,,,,,,
"USW00023190","SANTA BARBARA MUNICIPAL AIRPORT, CA US","34.4241","-119.84249","2.5","2022-04-06","4.70",",,W",,,"0.00",",,W,2400",,,"77",",,W","53",",,W","  150",",,W","  140",",,W","12.1",",,W","13.0",",,W","    1",",,W","    1",",,W",,,"    1",",,W"
"USW00023190","SANTA BARBARA MUNICIPAL AIRPORT, CA US","34.4241","-119.84249","2.5","2022-04-07","4.92",",,W",,,"0.00",",,W,2400",,,"92",",,W","53",",,W","  260",",,W","  260",",,W","14.1",",,W","16.1",",,W","    1",",,W",,,,,,
"USW00023190","SANTA BARBARA MUNICIPAL AIRPORT, CA US","34.4241","-119.84249","2.5","2022-04-08","4.47",",,W",,,"0.00",",,W,2400",,,"90",",,W","52",",,W","  250",",,W","  250",",,W","12.1",",,W","13.0",",,W","    1",",,W",,,,,"    1",",,W"
"USW00023190","SANTA BARBARA MUNICIPAL AIRPORT, CA US","34.4241","-119.84249","2.5","2022-04-09","4.92",",,W",,,"0.00",",,W,2400",,,"72",",,W","53",",,W","  130",",,W","  150",",,W","14.1",",,W","17.0",",,W","    1",",,W",,,,,"    1",",,W"
"USW00023190","SANTA BARBARA MUNICIPAL AIRPORT, CA US","34.4241","-119.84249","2.5","2022-04-10","5.82",",,W",,,"0.00",",,W,2400",,,"66",",,W","49",",,W","   40",",,W","   40",",,W","13.0",",,W","15.0",",,W","    1",",,W",,,,,"    1",",,W"
"USW00023190","SANTA BARBARA MUNICIPAL AIRPORT, CA US","34.4241","-119.84249","2.5","2022-04-11","11.63",",,W",,,"0.00",",,W,2400",,,"73",",,W","46",",,W","  270",",,W","  290",",,W","31.1",",,W","38.0",",,W",,,,,,,"    1",",,W"
"USW00023190","SANTA BARBARA MUNICIPAL AIRPORT, CA US","34.4241","-119.84249","2.5","2022-04-12","10.51",",,W",,,"0.00",",,W,2400",,,"72",",,W","42",",,W","  280",",,W","  310",",,W","25.9",",,W","36.9",",,W",,,,,,,,
"USW00023190","SANTA BARBARA MUNICIPAL AIRPORT, CA US","34.4241","-119.84249","2.5","2022-04-13","6.93",",,W",,,"0.00",",,W,2400",,,"71",",,W","42",",,W","  260",",,W","  250",",,W","21.0",",,W","25.1",",,W",,,,,,,,
"USW00023190","SANTA BARBARA MUNICIPAL AIRPORT, CA US","34.4241","-119.84249","2.5","2022-04-14","5.82",",,W",,,"0.00",",,W,2400",,,"72",",,W","42",",,W","  320",",,W","  320",",,W","21.0",",,W","27.1",",,W",,,,,,,,
"USW00023190","SANTA BARBARA MUNICIPAL AIRPORT, CA US","34.4241","-119.84249","2.5","2022-04-15","6.71",",,W",,,"0.00",",,W,2400",,,"69",",,W","49",",,W","  130",",,W","  130",",,W","16.1",",,W","19.0",",,W",,,,,,,,
"USW00023190","SANTA BARBARA MUNICIPAL AIRPORT, CA US","34.4241","-119.84249","2.5","2022-04-16","9.62",",,W",,,"0.00",",,W,2400",,,"64",",,W","51",",,W","  270",",,W","  260",",,W","23.9",",,W","32.0",",,W",,,,,,,,
"USW00023190","SANTA BARBARA MUNICIPAL AIRPORT, CA US","34.4241","-119.84249","2.5","2022-04-17","5.82",",,W",,,"0.00",",,W,2400",,,"65",",,W","49",",,W","  240",",,W","  270",",,W","14.1",",,W","18.1",",,W",,,,,,,,
"USW00023190","SANTA BARBARA MUNICIPAL AIRPORT, CA US","34.4241","-119.84249","2.5","2022-04-18","4.92",",,W",,,"0.00",",,W,2400",,,"67",",,W","48",",,W","  140",",,W","  150",",,W","14.1",",,W","17.0",",,W",,,,,,,,
"USW00023190","SANTA BARBARA MUNICIPAL AIRPORT, CA US","34.4241","-119.84249","2.5","2022-04-19","11.41",",,W",,,"0.00",",,W,2400",,,"81",",,W","56",",,W","  250",",,W","  240",",,W","29.1",",,W","36.9",",,W",,,,,,,,
"USW00023190","SANTA BARBARA MUNICIPAL AIRPORT, CA US","34.4241","-119.84249","2.5","2022-04-20","8.05",",,W",,,"0.00",",,W,2400",,,"65",",,W","48",",,W","  260",",,W","  260",",,W","18.1",",,W","23.0",",,W",,,,,,,,
"USW00023190","SANTA BARBARA MUNICIPAL AIRPORT, CA US","34.4241","-119.84249","2.5","2022-04-21","5.14",",,W",,,"0.25",",,W,2400",,,"66",",,W","44",",,W","  260",",,W","  260",",,W","16.1",",,W","21.0",",,W","    1",",,W",,,,,,
"USW00023190","SANTA BARBARA MUNICIPAL AIRPORT, CA US","34.4241","-119.84249","2.5","2022-04-22","12.53",",,W",,,"0.00",",,W,2400",,,"67",",,W","50",",,W","  260",",,W","  260",",,W","25.9",",,W","34.0",",,W",,,,,,,,
"USW00023190","SANTA BARBARA MUNICIPAL AIRPORT, CA US","34.4241","-119.84249","2.5","2022-04-23","7.83",",,W",,,"0.00",",,W,2400",,,"72",",,W","50",",,W","   10",",,W","   30",",,W","21.0",",,W","25.9",",,W",,,,,,,"    1",",,W"
"USW00023190","SANTA BARBARA MUNICIPAL AIRPORT, CA US","34.4241","-119.84249","2.5","2022-04-24","5.14",",,W",,,"0.00",",,W,2400",,,"81",",,W","47",",,W","  250",",,W","  250",",,W","15.0",",,W","18.1",",,W",,,,,,,"    1",",,W"
"USW00023190","SANTA BARBARA MUNICIPAL AIRPORT, CA US","34.4241","-119.84249","2.5","2022-04-25","4.92",",,W",,,"0.00",",,W,2400",,,"83",",,W","48",",,W","  250",",,W","  240",",,W","14.1",",,W","16.1",",,W","    1",",,W",,,,,"    1",",,W"
"USW00023190","SANTA BARBARA MUNICIPAL AIRPORT, CA US","34.4241","-119.84249","2.5","2022-04-26","5.82",",,W",,,"0.00",",,W,2400",,,"66",",,W","50",",,W","  160",",,W","  200",",,W","14.1",",,W","17.0",",,W","    1",",,W",,,,,"    1",",,W"
"USW00023190","SANTA BARBARA MUNICIPAL AIRPORT, CA US","34.4241","-119.84249","2.5","2022-04-27","6.49",",,W",,,"0.00",",,W,2400",,,"67",",,W","48",",,W","   60",",,W","   50",",,W","14.1",",,W","18.1",",,W",,,,,,,"    1",",,W"
"USW00023190","SANTA BARBARA MUNICIPAL AIRPORT, CA US","34.4241","-119.84249","2.5","2022-04-28","5.82",",,W",,,"0.00",",,W,2400",,,"68",",,W","43",",,W","  340",",,W","  230",",,W","14.1",",,W","17.0",",,W",,,,,,,,
"USW00023190","SANTA BARBARA MUNICIPAL AIRPORT, CA US","34.4241","-119.84249","2.5","2022-04-29","4.47",",,W",,,"0.00",",,W,2400",,,"67",",,W","45",",,W","  140",",,W","  240",",,W","13.0",",,W","18.1",",,W","    1",",,W",,,,,,
"USW00023190","SANTA BARBARA MUNICIPAL AIRPORT, CA US","34.4241","-119.84249","2.5","2022-04-30","4.70",",,W",,,"0.00",",,W,2400",,,"72",",,W","46",",,W","  340",",,W","  330",",,W","25.9",",,W","33.1",",,W",,,,,,,"    1",",,W"
"USW00023190","SANTA BARBARA MUNICIPAL AIRPORT, CA US","34.4241","-119.84249","2.5","2022-05-01","5.82",",,W",,,"0.00",",,W,2400",,,"68",",,W","49",",,W","  130",",,W","  140",",,W","14.1",",,W","16.1",",,W",,,,,,,"    1",",,W"
"USW00023190","SANTA BARBARA MUNICIPAL AIRPORT, CA US","34.4241","-119.84249","2.5","2022-05-02","5.59",",,W",,,"0.00",",,W,2400",,,"66",",,W","49",",,W","  250",",,W","   80",",,W","13.0",",,W","15.0",",,W","    1",",,W",,,,,"    1",",,W"
"USW00023190","SANTA BARBARA MUNICIPAL AIRPORT, CA US","34.4241","-119.84249","2.5","2022-05-03","5.82",",,W",,,"0.00",",,W,2400",,,"68",",,W","51",",,W","  270",",,W","  240",",,W","15.0",",,W","18.1",",,W","    1",",,W",,,,,"    1",",,W"
"USW00023190","SANTA BARBARA MUNICIPAL AIRPORT, CA US","34.4241","-119.84249","2.5","2022-05-04","4.92",",,W",,,"0.00",",,W,2400",,,"70",",,W","48",",,W","  260",",,W","  260",",,W","16.1",",,W","19.0",",,W","    1",",,W",,,,,"    1",",,W"
"USW00023190","SANTA BARBARA MUNICIPAL AIRPORT, CA US","34.4241","-119.84249","2.5","2022-05-05","5.82",",,W",,,"0.00",",,W,2400",,,"63",",,W","50",",,W","  240",",,W","  240",",,W","13.0",",,W","17.0",",,W","    1",",,W",,,,,"    1",",,W"
"USW00023190","SANTA BARBARA MUNICIPAL AIRPORT, CA US","34.4241","-119.84249","2.5","2022-05-06","4.92",",,W",,,"0.00",",,W,2400",,,"67",",,W","49",",,W","  150",",,W","  150",",,W","14.1",",,W","17.0",",,W",,,,,,,"    1",",,W"
"USW00023190","SANTA BARBARA MUNICIPAL AIRPORT, CA US","34.4241","-119.84249","2.5","2022-05-07","4.47",",,W",,,"0.00",",,W,2400",,,"77",",,W","51",",,W","  340",",,W","  330",",,W","19.9",",,W","29.1",",,W","    1",",,W",,,,,"    1",",,W"
"USW00023190","SANTA BARBARA MUNICIPAL AIRPORT, CA US","34.4241","-119.84249","2.5","2022-05-08","12.30",",,W",,,"0.00",",,W,2400",,,"77",",,W","49",",,W","  270",",,W","  270",",,W","29.1",",,W","38.9",",,W",,,,,,,,
"USW00023190","SANTA BARBARA MUNICIPAL AIRPORT, CA US","34.4241","-119.84249","2.5","2022-05-09","12.53",",,W",,,"0.00",",,W,2400",,,"70",",,W","47",",,W","  260",",,W","  260",",,W","30.0",",,W","36.9",",,W",,,,,,,,
"USW00023190","SANTA BARBARA MUNICIPAL AIRPORT, CA US","34.4241","-119.84249","2.5","2022-05-10","8.95",",,W",,,"0.00",",,W,2400",,,"72",",,W","43",",,W","  240",",,W","  250",",,W","29.1",",,W","36.0",",,W",,,,,,,,
"USW00023190","SANTA BARBARA MUNICIPAL AIRPORT, CA US","34.4241","-119.84249","2.5","2022-05-11","11.63",",,W",,,"0.00",",,W,2400",,,"72",",,W","50",",,W","  250",",,W","  250",",,W","28.0",",,W","38.0",",,W",,,,,,,,
"USW00023190","SANTA BARBARA MUNICIPAL AIRPORT, CA US","34.4241","-119.84249","2.5","2022-05-12","7.16",",,W",,,"0.00",",,W,2400",,,"75",",,W","49",",,W","   20",",,W","  270",",,W","19.9",",,W","25.1",",,W",,,,,,,,
"USW00023190","SANTA BARBARA MUNICIPAL AIRPORT, CA US","34.4241","-119.84249","2.5","2022-05-13","4.25",",,W",,,"0.00",",,W,2400",,,"82",",,W","47",",,W","   40",",,W","   40",",,W","17.0",",,W","23.0",",,W",,,,,,,,
"USW00023190","SANTA BARBARA MUNICIPAL AIRPORT, CA US","34.4241","-119.84249","2.5","2022-05-14","4.03",",,W",,,"0.00",",,W,2400",,,"82",",,W","50",",,W","  240",",,W","  240",",,W","10.1",",,W","14.1",",,W",,,,,,,,
"USW00023190","SANTA BARBARA MUNICIPAL AIRPORT, CA US","34.4241","-119.84249","2.5","2022-05-15","6.04",",,W",,,"0.00",",,W,2400",,,"76",",,W","55",",,W","  130",",,W","  200",",,W","15.0",",,W","21.0",",,W","    1",",,W",,,,,"    1",",,W"
"USW00023190","SANTA BARBARA MUNICIPAL AIRPORT, CA US","34.4241","-119.84249","2.5","2022-05-16","6.93",",,W",,,"0.00",",,W,2400",,,"69",",,W","52",",,W","  130",",,W","  150",",,W","16.1",",,W","19.0",",,W",,,,,,,,
"USW00023190","SANTA BARBARA MUNICIPAL AIRPORT, CA US","34.4241","-119.84249","2.5","2022-05-17","6.49",",,W",,,"0.00",",,W,2400",,,"64",",,W","48",",,W","  130",",,W","  130",",,W","15.0",",,W","19.0",",,W",,,,,,,"    1",",,W"
"USW00023190","SANTA BARBARA MUNICIPAL AIRPORT, CA US","34.4241","-119.84249","2.5","2022-05-18","5.59",",,W",,,"0.00",",,W,2400",,,"68",",,W","51",",,W","  220",",,W","  180",",,W","10.1",",,W","14.1",",,W","    1",",,W",,,,,"    1",",,W"
"USW00023190","SANTA BARBARA MUNICIPAL AIRPORT, CA US","34.4241","-119.84249","2.5","2022-05-19","4.70",",,W",,,"0.00",",,W,2400",,,"65",",,W","55",",,W","  110",",,W","  110",",,W","10.1",",,W","14.1",",,W","    1",",,W",,,,,,
"USW00023190","SANTA BARBARA MUNICIPAL AIRPORT, CA US","34.4241","-119.84249","2.5","2022-05-20","4.70",",,W",,,"0.02",",,W,2400",,,"65",",,W","55",",,W","  260",",,W","  230",",,W","10.1",",,W","13.0",",,W","    1",",,W",,,,,"    1",",,W"
"USW00023190","SANTA BARBARA MUNICIPAL AIRPORT, CA US","34.4241","-119.84249","2.5","2022-05-21","6.04",",,W",,,"0.00",",,W,2400",,,"71",",,W","49",",,W","  250",",,W","  240",",,W","16.1",",,W","19.9",",,W","    1",",,W",,,,,"    1",",,W"
"USW00023190","SANTA BARBARA MUNICIPAL AIRPORT, CA US","34.4241","-119.84249","2.5","2022-05-22","6.26",",,W",,,"0.00",",,W,2400",,,"65",",,W","53",",,W","  220",",,W","  230",",,W","12.1",",,W","16.1",",,W","    1",",,W",,,,,"    1",",,W"
"USW00023190","SANTA BARBARA MUNICIPAL AIRPORT, CA US","34.4241","-119.84249","2.5","2022-05-23","4.92",",,W",,,"0.00",",,W,2400",,,"65",",,W","53",",,W","  200",",,W","  200",",,W","12.1",",,W","19.0",",,W","    1",",,W",,,,,"    1",",,W"
"USW00023190","SANTA BARBARA MUNICIPAL AIRPORT, CA US","34.4241","-119.84249","2.5","2022-05-24","5.82",",,W",,,"0.00",",,W,2400",,,"66",",,W","56",",,W","  250",",,W","  240",",,W","14.1",",,W","17.0",",,W","    1",",,W",,,,,"    1",",,W"
"USW00023190","SANTA BARBARA MUNICIPAL AIRPORT, CA US","34.4241","-119.84249","2.5","2022-05-25","5.59",",,W",,,"0.00",",,W,2400",,,"68",",,W","56",",,W","  110",",,W","  170",",,W","10.1",",,W","14.1",",,W","    1",",,W",,,,,"    1",",,W"
"USW00023190","SANTA BARBARA MUNICIPAL AIRPORT, CA US","34.4241","-119.84249","2.5","2022-05-26","4.70",",,W",,,"0.00","T,,W,2400",,,"63",",,W","59",",,W","  270",",,W","  260",",,W","10.1",",,W","13.0",",,W","    1",",,W",,,,,"    1",",,W"
"USW00023190","SANTA BARBARA MUNICIPAL AIRPORT, CA US","34.4241","-119.84249","2.5","2022-05-27","5.37",",,W",,,"0.01",",,W,2400",,,"68",",,W","53",",,W","  250",",,W","  260",",,W","17.0",",,W","21.9",",,W","    1",",,W",,,,,"    1",",,W"
"USW00023190","SANTA BARBARA MUNICIPAL AIRPORT, CA US","34.4241","-119.84249","2.5","2022-05-28","6.49",",,W",,,"0.00",",,W,2400",,,"69",",,W","50",",,W","  360",",,W","  360",",,W","16.1",",,W","19.9",",,W",,,,,,,,
"USW00023190","SANTA BARBARA MUNICIPAL AIRPORT, CA US","34.4241","-119.84249","2.5","2022-05-29","10.29",",,W",,,"0.00",",,W,2400",,,"81",",,W","55",",,W","  340",",,W","  330",",,W","25.9",",,W","35.1",",,W",,,,,,,,
"USW00023190","SANTA BARBARA MUNICIPAL AIRPORT, CA US","34.4241","-119.84249","2.5","2022-05-30","9.17",",,W",,,"0.00",",,W,2400",,,"82",",,W","58",",,W","   60",",,W","  320",",,W","21.0",",,W","28.0",",,W",,,,,,,,
"USW00023190","SANTA BARBARA MUNICIPAL AIRPORT, CA US","34.4241","-119.84249","2.5","2022-06-01","5.82",",,W",,,"0.00",",,W,2400",,,"73",",,W","52",",,W","  260",",,W","  270",",,W","14.1",",,W","17.0",",,W",,,,,,,"    1",",,W"
"USW00023190","SANTA BARBARA MUNICIPAL AIRPORT, CA US","34.4241","-119.84249","2.5","2022-06-02","7.16",",,W",,,"0.00",",,W,2400",,,"70",",,W","57",",,W","  240",",,W","  240",",,W","14.1",",,W","17.0",",,W",,,,,,,"    1",",,W"
"USW00023190","SANTA BARBARA MUNICIPAL AIRPORT, CA US","34.4241","-119.84249","2.5","2022-06-03","5.14",",,W",,,"0.00",",,W,2400",,,"68",",,W","56",",,W","   90",",,W","   90",",,W","12.1",",,W","15.0",",,W","    1",",,W",,,,,"    1",",,W"
"USW00023190","SANTA BARBARA MUNICIPAL AIRPORT, CA US","34.4241","-119.84249","2.5","2022-06-04","6.26",",,W",,,"0.00",",,W,2400",,,"68",",,W","54",",,W","  250",",,W","  240",",,W","13.0",",,W","16.1",",,W",,,,,,,,
"USW00023190","SANTA BARBARA MUNICIPAL AIRPORT, CA US","34.4241","-119.84249","2.5","2022-06-05","6.71",",,W",,,"0.00",",,W,2400",,,"87",",,W","53",",,W","  290",",,W","  310",",,W","21.0",",,W","30.0",",,W",,,,,,,,
"USW00023190","SANTA BARBARA MUNICIPAL AIRPORT, CA US","34.4241","-119.84249","2.5","2022-06-06","6.93",",,W",,,"0.00",",,W,2400",,,"72",",,W","60",",,W","  140",",,W","  130",",,W","15.0",",,W","18.1",",,W",,,,,,,,
"USW00023190","SANTA BARBARA MUNICIPAL AIRPORT, CA US","34.4241","-119.84249","2.5","2022-06-07","5.59",",,W",,,"0.00",",,W,2400",,,"69",",,W","53",",,W","  130",",,W","  130",",,W","14.1",",,W","18.1",",,W","    1",",,W",,,,,"    1",",,W"
"USW00023190","SANTA BARBARA MUNICIPAL AIRPORT, CA US","34.4241","-119.84249","2.5","2022-06-08","5.82",",,W",,,"0.00",",,W,2400",,,"69",",,W","56",",,W","   90",",,W","   80",",,W","14.1",",,W","18.1",",,W","    1",",,W",,,,,"    1",",,W"
"USW00023190","SANTA BARBARA MUNICIPAL AIRPORT, CA US","34.4241","-119.84249","2.5","2022-06-09","6.49",",,W",,,"0.00",",,W,2400",,,"71",",,W","61",",,W","   90",",,W","   80",",,W","14.1",",,W","19.0",",,W","    1",",,W",,,,,"    1",",,W"
"USW00023190","SANTA BARBARA MUNICIPAL AIRPORT, CA US","34.4241","-119.84249","2.5","2022-06-10","5.37",",,W",,,"0.00",",,W,2400",,,"70",",,W","59",",,W","  260",",,W","  270",",,W","14.1",",,W","16.1",",,W","    1",",,W",,,,,"    1",",,W"
"USW00023190","SANTA BARBARA MUNICIPAL AIRPORT, CA US","34.4241","-119.84249","2.5","2022-06-11","5.59",",,W",,,"0.00",",,W,2400",,,"70",",,W","58",",,W","  260",",,W","  270",",,W","13.0",",,W","15.0",",,W","    1",",,W","    1",",,W",,,"    1",",,W"
"USW00023190","SANTA BARBARA MUNICIPAL AIRPORT, CA US","34.4241","-119.84249","2.5","2022-06-12","5.37",",,W",,,"0.00",",,W,2400",,,"67",",,W","58",",,W","  240",",,W","  240",",,W","13.0",",,W","17.0",",,W","    1",",,W","    1",",,W",,,"    1",",,W"
"USW00023190","SANTA BARBARA MUNICIPAL AIRPORT, CA US","34.4241","-119.84249","2.5","2022-06-13","7.38",",,W",,,"0.00",",,W,2400",,,"79",",,W","59",",,W","  350",",,W","  350",",,W","19.9",",,W","23.9",",,W","    1",",,W",,,,,"    1",",,W"
"USW00023190","SANTA BARBARA MUNICIPAL AIRPORT, CA US","34.4241","-119.84249","2.5","2022-06-14","6.71",",,W",,,"0.00",",,W,2400",,,"76",",,W","59",",,W","   10",",,W","  350",",,W","18.1",",,W","23.9",",,W","    1",",,W",,,,,"    1",",,W"
"USW00023190","SANTA BARBARA MUNICIPAL AIRPORT, CA US","34.4241","-119.84249","2.5","2022-06-15","6.49",",,W",,,"0.00",",,W,2400",,,"75",",,W","54",",,W","   90",",,W","   80",",,W","16.1",",,W","21.0",",,W",,,,,,,"    1",",,W"
"USW00023190","SANTA BARBARA MUNICIPAL AIRPORT, CA US","34.4241","-119.84249","2.5","2022-06-16","6.04",",,W",,,"0.00",",,W,2400",,,"72",",,W","62",",,W","   70",",,W","   60",",,W","14.1",",,W","18.1",",,W","    1",",,W",,,,,"    1",",,W"
"USW00023190","SANTA BARBARA MUNICIPAL AIRPORT, CA US","34.4241","-119.84249","2.5","2022-06-17","7.83",",,W",,,"0.00",",,W,2400",,,"79",",,W","54",",,W","  240",",,W","  240",",,W","21.0",",,W","25.1",",,W",,,,,,,"    1",",,W"
"USW00023190","SANTA BARBARA MUNICIPAL AIRPORT, CA US","34.4241","-119.84249","2.5","2022-06-18","5.82",",,W",,,"0.00",",,W,2400",,,"78",",,W","48",",,W","  320",",,W","  320",",,W","18.1",",,W","23.0",",,W",,,,,,,,
"USW00023190","SANTA BARBARA MUNICIPAL AIRPORT, CA US","34.4241","-119.84249","2.5","2022-06-19","8.05",",,W",,,"0.00",",,W,2400",,,"88",",,W","52",",,W","   30",",,W","  250",",,W","21.9",",,W","28.0",",,W",,,,,,,,
"USW00023190","SANTA BARBARA MUNICIPAL AIRPORT, CA US","34.4241","-119.84249","2.5","2022-06-20","6.04",",,W",,,"0.00",",,W,2400",,,"82",",,W","58",",,W","  240",",,W","  240",",,W","14.1",",,W","18.1",",,W",,,,,,,,
"USW00023190","SANTA BARBARA MUNICIPAL AIRPORT, CA US","34.4241","-119.84249","2.5","2022-06-21","8.95",",,W",,,"0.00",",,W,2400",,,"78",",,W","56",",,W","  130",",,W","  140",",,W","21.0",",,W","23.9",",,W","    1",",,W",,,,,"    1",",,W"
"USW00023190","SANTA BARBARA MUNICIPAL AIRPORT, CA US","34.4241","-119.84249","2.5","2022-06-22","6.93",",,W",,,"0.00",",,W,2400",,,"71",",,W","55",",,W","  260",",,W","  240",",,W","16.1",",,W","19.9",",,W","    1",",,W",,,,,"    1",",,W"
"USW00023190","SANTA BARBARA MUNICIPAL AIRPORT, CA US","34.4241","-119.84249","2.5","2022-06-23","5.82",",,W",,,"0.00",",,W,2400",,,"73",",,W","59",",,W","  260",",,W","  240",",,W","16.1",",,W","19.9",",,W","    1",",,W",,,,,"    1",",,W"
"USW00023190","SANTA BARBARA MUNICIPAL AIRPORT, CA US","34.4241","-119.84249","2.5","2022-06-24","8.28",",,W",,,"0.00",",,W,2400",,,"69",",,W","58",",,W","  250",",,W","  260",",,W","16.1",",,W","19.0",",,W","    1",",,W",,,,,,
"USW00023190","SANTA BARBARA MUNICIPAL AIRPORT, CA US","34.4241","-119.84249","2.5","2022-06-25","6.93",",,W",,,"0.00",",,W,2400",,,"70",",,W","58",",,W","  250",",,W","  260",",,W","16.1",",,W","19.0",",,W","    1",",,W",,,,,,
"USW00023190","SANTA BARBARA MUNICIPAL AIRPORT, CA US","34.4241","-119.84249","2.5","2022-06-26","6.71",",,W",,,"0.00",",,W,2400",,,"73",",,W","59",",,W","   80",",,W","  240",",,W","12.1",",,W","18.1",",,W","    1",",,W",,,,,"    1",",,W"
"USW00023190","SANTA BARBARA MUNICIPAL AIRPORT, CA US","34.4241","-119.84249","2.5","2022-06-27","4.25",",,W",,,"0.00",",,W,2400",,,"74",",,W","57",",,W","  220",",,W","  210",",,W","10.1",",,W","14.1",",,W","    1",",,W",,,,,"    1",",,W"
"USW00023190","SANTA BARBARA MUNICIPAL AIRPORT, CA US","34.4241","-119.84249","2.5","2022-06-28","4.92",",,W",,,"0.00",",,W,2400",,,"73",",,W","59",",,W","  220",",,W","  190",",,W","8.9",",,W","12.1",",,W","    1",",,W","    1",",,W",,,,
"USW00023190","SANTA BARBARA MUNICIPAL AIRPORT, CA US","34.4241","-119.84249","2.5","2022-06-29","5.37",",,W",,,"0.00",",,W,2400",,,"73",",,W","59",",,W","  260",",,W","  250",",,W","16.1",",,W","19.0",",,W","    1",",,W",,,,,"    1",",,W"
"USW00023190","SANTA BARBARA MUNICIPAL AIRPORT, CA US","34.4241","-119.84249","2.5","2022-06-30","6.71",",,W",,,"0.00",",,W,2400",,,"74",",,W","61",",,W","  250",",,W","  240",",,W","15.0",",,W","17.0",",,W","    1",",,W",,,,,"    1",",,W"
"USW00023190","SANTA BARBARA MUNICIPAL AIRPORT, CA US","34.4241","-119.84249","2.5","2022-07-01","6.04",",,W",,,"0.00",",,W,2400",,,"73",",,W","58",",,W","  240",",,W","  240",",,W","12.1",",,W","15.0",",,W",,,,,,,,
"USW00023190","SANTA BARBARA MUNICIPAL AIRPORT, CA US","34.4241","-119.84249","2.5","2022-07-02","5.82",",,W",,,"0.00",",,W,2400",,,"76",",,W","55",",,W","  240",",,W","  120",",,W","14.1",",,W","17.0",",,W",,,,,,,,
"USW00023190","SANTA BARBARA MUNICIPAL AIRPORT, CA US","34.4241","-119.84249","2.5","2022-07-03","6.93",",,W",,,"0.00",",,W,2400",,,"78",",,W","52",",,W","  160",",,W","  240",",,W","14.1",",,W","17.0",",,W",,,,,,,,
"USW00023190","SANTA BARBARA MUNICIPAL AIRPORT, CA US","34.4241","-119.84249","2.5","2022-07-04","4.70",",,W",,,"0.00",",,W,2400",,,"72",",,W","54",",,W","  140",",,W","  240",",,W","12.1",",,W","15.0",",,W",,,,,,,,
"USW00023190","SANTA BARBARA MUNICIPAL AIRPORT, CA US","34.4241","-119.84249","2.5","2022-07-05","6.26",",,W",,,"0.00",",,W,2400",,,"74",",,W","57",",,W","  130",",,W","  130",",,W","14.1",",,W","16.1",",,W",,,,,,,,
"USW00023190","SANTA BARBARA MUNICIPAL AIRPORT, CA US","34.4241","-119.84249","2.5","2022-07-06","5.37",",,W",,,"0.00",",,W,2400",,,"75",",,W","58",",,W","  250",",,W","  130",",,W","13.0",",,W","16.1",",,W",,,,,,,,
"USW00023190","SANTA BARBARA MUNICIPAL AIRPORT, CA US","34.4241","-119.84249","2.5","2022-07-07","6.71",",,W",,,"0.00",",,W,2400",,,"76",",,W","60",",,W","  240",",,W","  240",",,W","13.0",",,W","16.1",",,W",,,,,,,,
"USW00023190","SANTA BARBARA MUNICIPAL AIRPORT, CA US","34.4241","-119.84249","2.5","2022-07-08","6.93",",,W",,,"0.00",",,W,2400",,,"71",",,W","59",",,W","  260",",,W","  240",",,W","16.1",",,W","21.9",",,W","    1",",,W",,,,,"    1",",,W"
"USW00023190","SANTA BARBARA MUNICIPAL AIRPORT, CA US","34.4241","-119.84249","2.5","2022-07-09","5.59",",,W",,,"0.00",",,W,2400",,,"70",",,W","59",",,W","  210",",,W","  220",",,W","12.1",",,W","16.1",",,W","    1",",,W",,,,,,
"USW00023190","SANTA BARBARA MUNICIPAL AIRPORT, CA US","34.4241","-119.84249","2.5","2022-07-10","4.47",",,W",,,"0.00",",,W,2400",,,"76",",,W","57",",,W","  240",",,W","  250",",,W","12.1",",,W","15.0",",,W",,,,,,,,
"USW00023190","SANTA BARBARA MUNICIPAL AIRPORT, CA US","34.4241","-119.84249","2.5","2022-07-11","7.16",",,W",,,"0.00",",,W,2400",,,"68",",,W","58",",,W","  250",",,W","  250",",,W","14.1",",,W","17.0",",,W","    1",",,W",,,,,,
"USW00023190","SANTA BARBARA MUNICIPAL AIRPORT, CA US","34.4241","-119.84249","2.5","2022-07-12","6.93",",,W",,,"0.00",",,W,2400",,,"69",",,W","57",",,W","  260",",,W","  260",",,W","16.1",",,W","19.9",",,W","    1",",,W",,,,,,
"USW00023190","SANTA BARBARA MUNICIPAL AIRPORT, CA US","34.4241","-119.84249","2.5","2022-07-13","6.71",",,W",,,"0.00",",,W,2400",,,"69",",,W","58",",,W","  250",",,W","  240",",,W","18.1",",,W","21.9",",,W","    1",",,W",,,,,,
"USW00023190","SANTA BARBARA MUNICIPAL AIRPORT, CA US","34.4241","-119.84249","2.5","2022-07-14","5.59",",,W",,,"0.00",",,W,2400",,,"69",",,W","58",",,W","  240",",,W","  240",",,W","13.0",",,W","16.1",",,W","    1",",,W",,,,,"    1",",,W"
"USW00023190","SANTA BARBARA MUNICIPAL AIRPORT, CA US","34.4241","-119.84249","2.5","2022-07-15","4.92",",,W",,,"0.00",",,W,2400",,,"75",",,W","58",",,W","  140",",,W","  140",",,W","8.9",",,W","13.0",",,W","    1",",,W",,,,,"    1",",,W"
"USW00023190","SANTA BARBARA MUNICIPAL AIRPORT, CA US","34.4241","-119.84249","2.5","2022-07-16","4.47",",,W",,,"0.00",",,W,2400",,,"74",",,W","56",",,W","  240",",,W","  250",",,W","10.1",",,W","14.1",",,W","    1",",,W",,,,,,
"USW00023190","SANTA BARBARA MUNICIPAL AIRPORT, CA US","34.4241","-119.84249","2.5","2022-07-17","3.80",",,W",,,"0.00",",,W,2400",,,"74",",,W","57",",,W","  210",",,W","  270",",,W","12.1",",,W","14.1",",,W","    1",",,W",,,,,,
"USW00023190","SANTA BARBARA MUNICIPAL AIRPORT, CA US","34.4241","-119.84249","2.5","2022-07-18","3.80",",,W",,,"0.00",",,W,2400",,,"75",",,W","60",",,W","  260",",,W","  270",",,W","12.1",",,W","14.1",",,W","    1",",,W",,,,,,
"USW00023190","SANTA BARBARA MUNICIPAL AIRPORT, CA US","34.4241","-119.84249","2.5","2022-07-19","4.70",",,W",,,"0.00",",,W,2400",,,"74",",,W","59",",,W","  250",",,W","  260",",,W","14.1",",,W","16.1",",,W","    1",",,W",,,,,"    1",",,W"
"USW00023190","SANTA BARBARA MUNICIPAL AIRPORT, CA US","34.4241","-119.84249","2.5","2022-07-20","6.26",",,W",,,"0.00",",,W,2400",,,"73",",,W","59",",,W","  140",",,W","  150",",,W","13.0",",,W","15.0",",,W","    1",",,W","    1",",,W",,,"    1",",,W"
"USW00023190","SANTA BARBARA MUNICIPAL AIRPORT, CA US","34.4241","-119.84249","2.5","2022-07-21","5.82",",,W",,,"0.00",",,W,2400",,,"74",",,W","60",",,W","  240",",,W","  250",",,W","13.0",",,W","16.1",",,W","    1",",,W",,,,,,
"USW00023190","SANTA BARBARA MUNICIPAL AIRPORT, CA US","34.4241","-119.84249","2.5","2022-07-22","4.92",",,W",,,"0.00",",,W,2400",,,"73",",,W","55",",,W","  180",",,W","  230",",,W","10.1",",,W","16.1",",,W","    1",",,W",,,,,"    1",",,W"
"USW00023190","SANTA BARBARA MUNICIPAL AIRPORT, CA US","34.4241","-119.84249","2.5","2022-07-23","5.14",",,W",,,"0.00",",,W,2400",,,"73",",,W","57",",,W","  220",",,W","  220",",,W","12.1",",,W","15.0",",,W","    1",",,W",,,,,"    1",",,W"
"USW00023190","SANTA BARBARA MUNICIPAL AIRPORT, CA US","34.4241","-119.84249","2.5","2022-07-24","6.93",",,W",,,"0.00",",,W,2400",,,"71",",,W","59",",,W","  260",",,W","  250",",,W","14.1",",,W","18.1",",,W",,,,,,,"    1",",,W"
"USW00023190","SANTA BARBARA MUNICIPAL AIRPORT, CA US","34.4241","-119.84249","2.5","2022-07-25","6.04",",,W",,,"0.00",",,W,2400",,,"68",",,W","59",",,W","  240",",,W","  270",",,W","16.1",",,W","19.9",",,W","    1",",,W",,,,,,
"USW00023190","SANTA BARBARA MUNICIPAL AIRPORT, CA US","34.4241","-119.84249","2.5","2022-07-26","6.93",",,W",,,"0.00",",,W,2400",,,"68",",,W","59",",,W","  250",",,W","  260",",,W","17.0",",,W","21.9",",,W",,,,,,,,
"USW00023190","SANTA BARBARA MUNICIPAL AIRPORT, CA US","34.4241","-119.84249","2.5","2022-07-27","6.71",",,W",,,"0.00",",,W,2400",,,"70",",,W","60",",,W","  220",",,W","  220",",,W","12.1",",,W","15.0",",,W",,,,,,,,
"USW00023190","SANTA BARBARA MUNICIPAL AIRPORT, CA US","34.4241","-119.84249","2.5","2022-07-28","4.70",",,W",,,"0.00",",,W,2400",,,"73",",,W","57",",,W","  130",",,W","  130",",,W","14.1",",,W","17.0",",,W","    1",",,W",,,,,,
"USW00023190","SANTA BARBARA MUNICIPAL AIRPORT, CA US","34.4241","-119.84249","2.5","2022-07-29","5.82",",,W",,,"0.00",",,W,2400",,,"76",",,W","58",",,W","  250",",,W","  270",",,W","14.1",",,W","17.0",",,W",,,,,,,,
"USW00023190","SANTA BARBARA MUNICIPAL AIRPORT, CA US","34.4241","-119.84249","2.5","2022-07-30","4.47",",,W",,,"0.00",",,W,2400",,,"76",",,W","61",",,W","  250",",,W","  240",",,W","13.0",",,W","16.1",",,W","    1",",,W",,,,,,
"USW00023190","SANTA BARBARA MUNICIPAL AIRPORT, CA US","34.4241","-119.84249","2.5","2022-07-31","6.04",",,W",,,"0.00",",,W,2400",,,"77",",,W","64",",,W","  270",",,W","  260",",,W","14.1",",,W","17.0",",,W",,,,,,,"    1",",,W"
"USW00023190","SANTA BARBARA MUNICIPAL AIRPORT, CA US","34.4241","-119.84249","2.5","2022-08-01","6.26",",,W",,,"0.00",",,W,2400",,,"77",",,W","62",",,W","  250",",,W","  260",",,W","19.9",",,W","23.0",",,W","    1",",,W",,,,,,
"USW00023190","SANTA BARBARA MUNICIPAL AIRPORT, CA US","34.4241","-119.84249","2.5","2022-08-02","7.61",",,W",,,"0.00",",,W,2400",,,"74",",,W","63",",,W","  250",",,W","  260",",,W","19.9",",,W","23.9",",,W","    1",",,W",,,,,"    1",",,W"
"USW00023190","SANTA BARBARA MUNICIPAL AIRPORT, CA US","34.4241","-119.84249","2.5","2022-08-03","6.49",",,W",,,"0.00",",,W,2400",,,"74",",,W","62",",,W","  150",",,W","  150",",,W","13.0",",,W","15.0",",,W","    1",",,W",,,,,,
"USW00023190","SANTA BARBARA MUNICIPAL AIRPORT, CA US","34.4241","-119.84249","2.5","2022-08-04","6.04",",,W",,,"0.00",",,W,2400",,,"75",",,W","63",",,W","  250",",,W","  250",",,W","17.0",",,W","19.9",",,W",,,,,,,,
"USW00023190","SANTA BARBARA MUNICIPAL AIRPORT, CA US","34.4241","-119.84249","2.5","2022-08-05","5.14",",,W",,,"0.00",",,W,2400",,,"77",",,W","61",",,W","  240",",,W","  240",",,W","14.1",",,W","17.0",",,W",,,,,,,,
"USW00023190","SANTA BARBARA MUNICIPAL AIRPORT, CA US","34.4241","-119.84249","2.5","2022-08-06","4.47",",,W",,,"0.00",",,W,2400",,,"81",",,W","57",",,W","  140",",,W","  240",",,W","13.0",",,W","17.0",",,W",,,,,,,,
"USW00023190","SANTA BARBARA MUNICIPAL AIRPORT, CA US","34.4241","-119.84249","2.5","2022-08-07","5.37",",,W",,,"0.00",",,W,2400",,,"80",",,W","60",",,W","  140",",,W","  140",",,W","12.1",",,W","15.0",",,W",,,,,,,,
"USW00023190","SANTA BARBARA MUNICIPAL AIRPORT, CA US","34.4241","-119.84249","2.5","2022-08-08","5.14",",,W",,,"0.00",",,W,2400",,,"78",",,W","62",",,W","  110",",,W","  110",",,W","10.1",",,W","13.0",",,W",,,,,,,,
"USW00023190","SANTA BARBARA MUNICIPAL AIRPORT, CA US","34.4241","-119.84249","2.5","2022-08-09","4.92",",,W",,,"0.00",",,W,2400",,,"82",",,W","61",",,W","   80",",,W","  260",",,W","10.1",",,W","13.0",",,W",,,,,,,,
"USW00023190","SANTA BARBARA MUNICIPAL AIRPORT, CA US","34.4241","-119.84249","2.5","2022-08-10","5.37",",,W",,,"0.00",",,W,2400",,,"83",",,W","60",",,W","  240",",,W","  230",",,W","10.1",",,W","13.0",",,W",,,,,,,,
"USW00023190","SANTA BARBARA MUNICIPAL AIRPORT, CA US","34.4241","-119.84249","2.5","2022-08-11","5.14",",,W",,,"0.00",",,W,2400",,,"80",",,W","58",",,W","  240",",,W","  240",",,W","14.1",",,W","17.0",",,W",,,,,,,,
"USW00023190","SANTA BARBARA MUNICIPAL AIRPORT, CA US","34.4241","-119.84249","2.5","2022-08-12","4.70",",,W",,,"0.00",",,W,2400",,,"81",",,W","58",",,W","  130",",,W","  130",",,W","10.1",",,W","14.1",",,W","    1",",,W",,,,,,
"USW00023190","SANTA BARBARA MUNICIPAL AIRPORT, CA US","34.4241","-119.84249","2.5","2022-08-13","4.92",",,W",,,"0.00",",,W,2400",,,"80",",,W","59",",,W","  140",",,W","  140",",,W","10.1",",,W","13.0",",,W","    1",",,W",,,,,"    1",",,W"
"USW00023190","SANTA BARBARA MUNICIPAL AIRPORT, CA US","34.4241","-119.84249","2.5","2022-08-14","4.92",",,W",,,"0.00",",,W,2400",,,"76",",,W","58",",,W","  230",",,W","  210",",,W","10.1",",,W","14.1",",,W","    1",",,W",,,,,"    1",",,W"
"USW00023190","SANTA BARBARA MUNICIPAL AIRPORT, CA US","34.4241","-119.84249","2.5","2022-08-15","5.37",",,W",,,"0.00",",,W,2400",,,"76",",,W","57",",,W","  110",",,W","  250",",,W","8.9",",,W","12.1",",,W","    1",",,W",,,,,"    1",",,W"
"USW00023190","SANTA BARBARA MUNICIPAL AIRPORT, CA US","34.4241","-119.84249","2.5","2022-08-16","5.59",",,W",,,"0.00",",,W,2400",,,"74",",,W","57",",,W","  240",",,W","  260",",,W","13.0",",,W","14.1",",,W","    1",",,W","    1",",,W",,,"    1",",,W"
"USW00023190","SANTA BARBARA MUNICIPAL AIRPORT, CA US","34.4241","-119.84249","2.5","2022-08-17","5.37",",,W",,,"0.00",",,W,2400",,,"73",",,W","57",",,W","  250",",,W","  240",",,W","14.1",",,W","16.1",",,W","    1",",,W","    1",",,W",,,"    1",",,W"
"USW00023190","SANTA BARBARA MUNICIPAL AIRPORT, CA US","34.4241","-119.84249","2.5","2022-08-18","5.82",",,W",,,"0.00",",,W,2400",,,"70",",,W","56",",,W","  230",",,W","  230",",,W","12.1",",,W","14.1",",,W","    1",",,W","    1",",,W",,,"    1",",,W"
"USW00023190","SANTA BARBARA MUNICIPAL AIRPORT, CA US","34.4241","-119.84249","2.5","2022-08-19","5.82",",,W",,,"0.00",",,W,2400",,,"70",",,W","57",",,W","  140",",,W","  140",",,W","10.1",",,W","14.1",",,W","    1",",,W","    1",",,W",,,"    1",",,W"
"USW00023190","SANTA BARBARA MUNICIPAL AIRPORT, CA US","34.4241","-119.84249","2.5","2022-08-20","6.04",",,W",,,"0.00",",,W,2400",,,"76",",,W","56",",,W","  260",",,W","  260",",,W","15.0",",,W","18.1",",,W","    1",",,W","    1",",,W",,,"    1",",,W"
"USW00023190","SANTA BARBARA MUNICIPAL AIRPORT, CA US","34.4241","-119.84249","2.5","2022-08-21","5.82",",,W",,,"0.00",",,W,2400",,,"76",",,W","59",",,W","  260",",,W","  260",",,W","16.1",",,W","19.0",",,W","    1",",,W",,,,,"    1",",,W"
"USW00023190","SANTA BARBARA MUNICIPAL AIRPORT, CA US","34.4241","-119.84249","2.5","2022-08-22","4.92",",,W",,,"0.00",",,W,2400",,,"70",",,W","57",",,W","  230",",,W","  230",",,W","13.0",",,W","16.1",",,W","    1",",,W","    1",",,W",,,"    1",",,W"
"USW00023190","SANTA BARBARA MUNICIPAL AIRPORT, CA US","34.4241","-119.84249","2.5","2022-08-23","5.37",",,W",,,"0.00",",,W,2400",,,"73",",,W","55",",,W","  100",",,W","  120",",,W","12.1",",,W","15.0",",,W","    1",",,W",,,,,"    1",",,W"
"USW00023190","SANTA BARBARA MUNICIPAL AIRPORT, CA US","34.4241","-119.84249","2.5","2022-08-24","4.47",",,W",,,"0.00",",,W,2400",,,"73",",,W","59",",,W","  250",",,W","  250",",,W","13.0",",,W","16.1",",,W","    1",",,W",,,,,"    1",",,W"
"USW00023190","SANTA BARBARA MUNICIPAL AIRPORT, CA US","34.4241","-119.84249","2.5","2022-08-25","5.37",",,W",,,"0.00",",,W,2400",,,"74",",,W","59",",,W","  250",",,W","  240",",,W","17.0",",,W","19.9",",,W","    1",",,W","    1",",,W",,,"    1",",,W"
"USW00023190","SANTA BARBARA MUNICIPAL AIRPORT, CA US","34.4241","-119.84249","2.5","2022-08-26","5.82",",,W",,,"0.00",",,W,2400",,,"72",",,W","58",",,W","  240",",,W","  240",",,W","13.0",",,W","15.0",",,W","    1",",,W","    1",",,W",,,"    1",",,W"
"USW00023190","SANTA BARBARA MUNICIPAL AIRPORT, CA US","34.4241","-119.84249","2.5","2022-08-27","6.49",",,W",,,"0.00",",,W,2400",,,"72",",,W","60",",,W","  250",",,W","  270",",,W","14.1",",,W","18.1",",,W","    1",",,W",,,,,,
"USW00023190","SANTA BARBARA MUNICIPAL AIRPORT, CA US","34.4241","-119.84249","2.5","2022-08-28","6.49",",,W",,,"0.00",",,W,2400",,,"72",",,W","58",",,W","  270",",,W","  270",",,W","15.0",",,W","18.1",",,W","    1",",,W",,,,,"    1",",,W"
"USW00023190","SANTA BARBARA MUNICIPAL AIRPORT, CA US","34.4241","-119.84249","2.5","2022-08-29","5.37",",,W",,,"0.00",",,W,2400",,,"73",",,W","55",",,W","  260",",,W","  260",",,W","16.1",",,W","19.0",",,W",,,,,,,,
"USW00023190","SANTA BARBARA MUNICIPAL AIRPORT, CA US","34.4241","-119.84249","2.5","2022-08-30","4.70",",,W",,,"0.00",",,W,2400",,,"80",",,W","52",",,W","  250",",,W","  240",",,W","13.0",",,W","16.1",",,W",,,,,,,,
"USW00023190","SANTA BARBARA MUNICIPAL AIRPORT, CA US","34.4241","-119.84249","2.5","2022-08-31","3.58",",,W",,,"0.00",",,W,2400",,,"83",",,W","57",",,W","  140",",,W","  140",",,W","12.1",",,W","14.1",",,W","    1",",,W",,,,,,
"USW00023190","SANTA BARBARA MUNICIPAL AIRPORT, CA US","34.4241","-119.84249","2.5","2022-09-01","4.92",",,W",,,"0.00",",,W,2400",,,"78",",,W","60",",,W","  150",",,W","  160",",,W","12.1",",,W","15.0",",,W","    1",",,W",,,,,,
"USW00023190","SANTA BARBARA MUNICIPAL AIRPORT, CA US","34.4241","-119.84249","2.5","2022-09-02","4.92",",,W",,,"0.00",",,W,2400",,,"84",",,W","61",",,W","  240",",,W","  230",",,W","13.0",",,W","16.1",",,W","    1",",,W",,,,,"    1",",,W"
"USW00023190","SANTA BARBARA MUNICIPAL AIRPORT, CA US","34.4241","-119.84249","2.5","2022-09-03","4.92",",,W",,,"0.00",",,W,2400",,,"89",",,W","61",",,W","  260",",,W","  260",",,W","13.0",",,W","16.1",",,W",,,,,,,,
"USW00023190","SANTA BARBARA MUNICIPAL AIRPORT, CA US","34.4241","-119.84249","2.5","2022-09-04","5.82",",,W",,,"0.00",",,W,2400",,,"99",",,W","62",",,W","  250",",,W","  250",",,W","17.0",",,W","21.9",",,W","    1",",,W",,,,,,
"USW00023190","SANTA BARBARA MUNICIPAL AIRPORT, CA US","34.4241","-119.84249","2.5","2022-09-05","5.82",",,W",,,"0.00",",,W,2400",,,"87",",,W","68",",,W","  140",",,W","  130",",,W","13.0",",,W","16.1",",,W",,,,,,,,
"USW00023190","SANTA BARBARA MUNICIPAL AIRPORT, CA US","34.4241","-119.84249","2.5","2022-09-06","5.82",",,W",,,"0.00",",,W,2400",,,"86",",,W","66",",,W","  250",",,W","  260",",,W","15.0",",,W","19.0",",,W","    1",",,W",,,,,,
"USW00023190","SANTA BARBARA MUNICIPAL AIRPORT, CA US","34.4241","-119.84249","2.5","2022-09-07","4.92",",,W",,,"0.00",",,W,2400",,,"84",",,W","64",",,W","  250",",,W","  250",",,W","16.1",",,W","19.9",",,W","    1",",,W",,,,,"    1",",,W"
"USW00023190","SANTA BARBARA MUNICIPAL AIRPORT, CA US","34.4241","-119.84249","2.5","2022-09-08","5.59",",,W",,,"0.00",",,W,2400",,,"87",",,W","63",",,W","  130",",,W","  120",",,W","17.0",",,W","21.0",",,W","    1",",,W",,,,,,
"USW00023190","SANTA BARBARA MUNICIPAL AIRPORT, CA US","34.4241","-119.84249","2.5","2022-09-09","5.14",",,W",,,"0.01",",,W,2400",,,"95",",,W","68",",,W","  130",",,W","  130",",,W","14.1",",,W","17.0",",,W","    1",",,W",,,,,"    1",",,W"
"USW00023190","SANTA BARBARA MUNICIPAL AIRPORT, CA US","34.4241","-119.84249","2.5","2022-09-10","5.59",",,W",,,"0.08",",,W,2400",,,"80",",,W","69",",,W","   90",",,W","  110",",,W","13.0",",,W","17.0",",,W","    1",",,W",,,,,"    1",",,W"
"USW00023190","SANTA BARBARA MUNICIPAL AIRPORT, CA US","34.4241","-119.84249","2.5","2022-09-11","5.37",",,W",,,"0.00",",,W,2400",,,"86",",,W","69",",,W","  250",",,W","  260",",,W","17.0",",,W","21.0",",,W","    1",",,W",,,,,"    1",",,W"
"USW00023190","SANTA BARBARA MUNICIPAL AIRPORT, CA US","34.4241","-119.84249","2.5","2022-09-12","4.92",",,W",,,"0.00","T,,W,2400",,,"80",",,W","66",",,W","  250",",,W","  160",",,W","10.1",",,W","15.0",",,W",,,,,,,,
"USW00023190","SANTA BARBARA MUNICIPAL AIRPORT, CA US","34.4241","-119.84249","2.5","2022-09-13","5.59",",,W",,,"0.00",",,W,2400",,,"79",",,W","59",",,W","  140",",,W","  220",",,W","10.1",",,W","14.1",",,W","    1",",,W",,,,,"    1",",,W"
"USW00023190","SANTA BARBARA MUNICIPAL AIRPORT, CA US","34.4241","-119.84249","2.5","2022-09-14","4.25",",,W",,,"0.00",",,W,2400",,,"79",",,W","56",",,W","  250",",,W","  240",",,W","14.1",",,W","18.1",",,W",,,,,,,"    1",",,W"
"USW00023190","SANTA BARBARA MUNICIPAL AIRPORT, CA US","34.4241","-119.84249","2.5","2022-09-15","4.70",",,W",,,"0.00",",,W,2400",,,"78",",,W","55",",,W","  250",",,W","  250",",,W","16.1",",,W","19.9",",,W",,,,,,,,
"USW00023190","SANTA BARBARA MUNICIPAL AIRPORT, CA US","34.4241","-119.84249","2.5","2022-09-16","3.80",",,W",,,"0.00",",,W,2400",,,"78",",,W","56",",,W","  210",",,W","  230",",,W","10.1",",,W","15.0",",,W",,,,,,,,
"USW00023190","SANTA BARBARA MUNICIPAL AIRPORT, CA US","34.4241","-119.84249","2.5","2022-09-17","5.37",",,W",,,"0.00",",,W,2400",,,"76",",,W","57",",,W","   40",",,W","   40",",,W","14.1",",,W","17.0",",,W",,,,,,,,
"USW00023190","SANTA BARBARA MUNICIPAL AIRPORT, CA US","34.4241","-119.84249","2.5","2022-09-18","3.58",",,W",,,"0.00",",,W,2400",,,"73",",,W","59",",,W","  210",",,W","  140",",,W","10.1",",,W","13.0",",,W",,,,,,,,
"USW00023190","SANTA BARBARA MUNICIPAL AIRPORT, CA US","34.4241","-119.84249","2.5","2022-09-19","5.37",",,W",,,"0.02",",,W,2400",,,"73",",,W","60",",,W","  130",",,W","  130",",,W","17.0",",,W","19.9",",,W","    1",",,W",,,,,"    1",",,W"
"USW00023190","SANTA BARBARA MUNICIPAL AIRPORT, CA US","34.4241","-119.84249","2.5","2022-09-20","4.92",",,W",,,"0.00",",,W,2400",,,"75",",,W","56",",,W","  260",",,W","  270",",,W","17.0",",,W","21.0",",,W",,,,,,,,
"USW00023190","SANTA BARBARA MUNICIPAL AIRPORT, CA US","34.4241","-119.84249","2.5","2022-09-21","6.04",",,W",,,"0.00",",,W,2400",,,"74",",,W","51",",,W","  260",",,W","  270",",,W","19.9",",,W","25.9",",,W",,,,,,,,
"USW00023190","SANTA BARBARA MUNICIPAL AIRPORT, CA US","34.4241","-119.84249","2.5","2022-09-22","4.47",",,W",,,"0.00",",,W,2400",,,"82",",,W","53",",,W","  250",",,W","  250",",,W","14.1",",,W","17.0",",,W",,,,,,,,
"USW00023190","SANTA BARBARA MUNICIPAL AIRPORT, CA US","34.4241","-119.84249","2.5","2022-09-23","3.80",",,W",,,"0.00",",,W,2400",,,"80",",,W","54",",,W","  260",",,W","  240",",,W","13.0",",,W","16.1",",,W",,,,,,,"    1",",,W"
"USW00023190","SANTA BARBARA MUNICIPAL AIRPORT, CA US","34.4241","-119.84249","2.5","2022-09-24","4.03",",,W",,,"0.00",",,W,2400",,,"75",",,W","53",",,W","  260",",,W","  250",",,W","14.1",",,W","16.1",",,W","    1",",,W",,,,,"    1",",,W"
"USW00023190","SANTA BARBARA MUNICIPAL AIRPORT, CA US","34.4241","-119.84249","2.5","2022-09-25","4.92",",,W",,,"0.00",",,W,2400",,,"77",",,W","59",",,W","  260",",,W","  260",",,W","13.0",",,W","15.0",",,W","    1",",,W",,,,,,
"USW00023190","SANTA BARBARA MUNICIPAL AIRPORT, CA US","34.4241","-119.84249","2.5","2022-09-26","4.70",",,W",,,"0.00",",,W,2400",,,"78",",,W","58",",,W","  230",",,W","  270",",,W","12.1",",,W","14.1",",,W","    1",",,W",,,,,,
"USW00023190","SANTA BARBARA MUNICIPAL AIRPORT, CA US","34.4241","-119.84249","2.5","2022-09-27","4.47",",,W",,,"0.00",",,W,2400",,,"79",",,W","59",",,W","  250",",,W","  240",",,W","13.0",",,W","15.0",",,W",,,,,,,,
"USW00023190","SANTA BARBARA MUNICIPAL AIRPORT, CA US","34.4241","-119.84249","2.5","2022-09-28","4.70",",,W",,,"0.00",",,W,2400",,,"81",",,W","59",",,W","  150",",,W","  150",",,W","12.1",",,W","14.1",",,W","    1",",,W",,,,,,
"USW00023190","SANTA BARBARA MUNICIPAL AIRPORT, CA US","34.4241","-119.84249","2.5","2022-09-29","4.47",",,W",,,"0.00",",,W,2400",,,"76",",,W","58",",,W","   80",",,W","   80",",,W","12.1",",,W","13.0",",,W","    1",",,W","    1",",,W",,,,
"USW00023190","SANTA BARBARA MUNICIPAL AIRPORT, CA US","34.4241","-119.84249","2.5","2022-09-30","6.26",",,W",,,"0.00",",,W,2400",,,"71",",,W","61",",,W","  250",",,W","  260",",,W","13.0",",,W","15.0",",,W","    1",",,W",,,,,,
"USW00023190","SANTA BARBARA MUNICIPAL AIRPORT, CA US","34.4241","-119.84249","2.5","2022-10-01","4.25",",,W",,,"0.00",",,W,2400",,,"73",",,W","56",",,W","  270",",,W","  240",",,W","15.0",",,W","19.0",",,W","    1",",,W",,,,,,
"USW00023190","SANTA BARBARA MUNICIPAL AIRPORT, CA US","34.4241","-119.84249","2.5","2022-10-02","4.92",",,W",,,"0.00",",,W,2400",,,"73",",,W","54",",,W","  250",",,W","  270",",,W","16.1",",,W","21.0",",,W",,,,,,,,
"USW00023190","SANTA BARBARA MUNICIPAL AIRPORT, CA US","34.4241","-119.84249","2.5","2022-10-03","3.80",",,W",,,"0.00",",,W,2400",,,"76",",,W","54",",,W","  240",",,W","  250",",,W","10.1",",,W","14.1",",,W",,,,,,,,
"USW00023190","SANTA BARBARA MUNICIPAL AIRPORT, CA US","34.4241","-119.84249","2.5","2022-10-04","4.70",",,W",,,"0.00",",,W,2400",,,"75",",,W","56",",,W","  100",",,W","  220",",,W","8.9",",,W","13.0",",,W","    1",",,W",,,,,"    1",",,W"
"USW00023190","SANTA BARBARA MUNICIPAL AIRPORT, CA US","34.4241","-119.84249","2.5","2022-10-05","5.82",",,W",,,"0.00",",,W,2400",,,"72",",,W","60",",,W","   90",",,W","  260",",,W","13.0",",,W","16.1",",,W","    1",",,W","    1",",,W",,,"    1",",,W"
"USW00023190","SANTA BARBARA MUNICIPAL AIRPORT, CA US","34.4241","-119.84249","2.5","2022-10-06","5.37",",,W",,,"0.00",",,W,2400",,,"70",",,W","59",",,W","  130",",,W","  120",",,W","12.1",",,W","15.0",",,W","    1",",,W",,,,,"    1",",,W"
"USW00023190","SANTA BARBARA MUNICIPAL AIRPORT, CA US","34.4241","-119.84249","2.5","2022-10-07","4.92",",,W",,,"0.00",",,W,2400",,,"68",",,W","61",",,W","   90",",,W","  180",",,W","12.1",",,W","14.1",",,W","    1",",,W",,,,,"    1",",,W"
"USW00023190","SANTA BARBARA MUNICIPAL AIRPORT, CA US","34.4241","-119.84249","2.5","2022-10-08","5.82",",,W",,,"0.00",",,W,2400",,,"71",",,W","60",",,W","  240",",,W","  250",",,W","14.1",",,W","17.0",",,W","    1",",,W",,,,,"    1",",,W"
"USW00023190","SANTA BARBARA MUNICIPAL AIRPORT, CA US","34.4241","-119.84249","2.5","2022-10-09","5.82",",,W",,,"0.00",",,W,2400",,,"70",",,W","61",",,W","  110",",,W","  260",",,W","12.1",",,W","13.0",",,W","    1",",,W",,,,,,
"USW00023190","SANTA BARBARA MUNICIPAL AIRPORT, CA US","34.4241","-119.84249","2.5","2022-10-10","6.49",",,W",,,"0.00",",,W,2400",,,"68",",,W","62",",,W","  260",",,W","  260",",,W","12.1",",,W","15.0",",,W","    1",",,W",,,,,"    1",",,W"
"USW00023190","SANTA BARBARA MUNICIPAL AIRPORT, CA US","34.4241","-119.84249","2.5","2022-10-11","5.14",",,W",,,"0.00",",,W,2400",,,"71",",,W","62",",,W","  260",",,W","  260",",,W","12.1",",,W","14.1",",,W","    1",",,W",,,,,,
"USW00023190","SANTA BARBARA MUNICIPAL AIRPORT, CA US","34.4241","-119.84249","2.5","2022-10-12","6.49",",,W",,,"0.03",",,W,2400",,,"72",",,W","63",",,W","  260",",,W","  260",",,W","21.9",",,W","27.1",",,W","    1",",,W",,,,,"    1",",,W"
"USW00023190","SANTA BARBARA MUNICIPAL AIRPORT, CA US","34.4241","-119.84249","2.5","2022-10-13","4.25",",,W",,,"0.00",",,W,2400",,,"68",",,W","59",",,W","  260",",,W","  260",",,W","13.0",",,W","16.1",",,W","    1",",,W",,,,,,
"USW00023190","SANTA BARBARA MUNICIPAL AIRPORT, CA US","34.4241","-119.84249","2.5","2022-10-14","3.80",",,W",,,"0.00",",,W,2400",,,"66",",,W","62",",,W","  260",",,W","  250",",,W","8.1",",,W","10.1",",,W","    1",",,W",,,,,,
"USW00023190","SANTA BARBARA MUNICIPAL AIRPORT, CA US","34.4241","-119.84249","2.5","2022-10-15","3.58",",,W",,,"0.00","T,,W,2400",,,"71",",,W","63",",,W","  260",",,W","  270",",,W","13.0",",,W","16.1",",,W","    1",",,W",,,,,,
"USW00023190","SANTA BARBARA MUNICIPAL AIRPORT, CA US","34.4241","-119.84249","2.5","2022-10-16","5.14",",,W",,,"0.00",",,W,2400",,,"71",",,W","54",",,W","  130",",,W","  130",",,W","16.1",",,W","19.0",",,W",,,,,,,,
"USW00023190","SANTA BARBARA MUNICIPAL AIRPORT, CA US","34.4241","-119.84249","2.5","2022-10-17","3.80",",,W",,,"0.00",",,W,2400",,,"73",",,W","50",",,W","  250",",,W","  240",",,W","14.1",",,W","17.0",",,W",,,,,,,,
"USW00023190","SANTA BARBARA MUNICIPAL AIRPORT, CA US","34.4241","-119.84249","2.5","2022-10-18","4.47",",,W",,,"0.00",",,W,2400",,,"76",",,W","54",",,W","  250",",,W","  250",",,W","16.1",",,W","19.0",",,W",,,,,,,,
"USW00023190","SANTA BARBARA MUNICIPAL AIRPORT, CA US","34.4241","-119.84249","2.5","2022-10-19","2.91",",,W",,,"0.00",",,W,2400",,,"91",",,W","54",",,W","  260",",,W","  250",",,W","14.1",",,W","19.9",",,W",,,,,,,,
"USW00023190","SANTA BARBARA MUNICIPAL AIRPORT, CA US","34.4241","-119.84249","2.5","2022-10-20","4.70",",,W",,,"0.00",",,W,2400",,,"84",",,W","59",",,W","  250",",,W","  260",",,W","15.0",",,W","19.0",",,W","    1",",,W",,,,,,
"USW00023190","SANTA BARBARA MUNICIPAL AIRPORT, CA US","34.4241","-119.84249","2.5","2022-10-21","5.82",",,W",,,"0.00",",,W,2400",,,"70",",,W","59",",,W","  260",",,W","  270",",,W","14.1",",,W","17.0",",,W","    1",",,W",,,,,"    1",",,W"
"USW00023190","SANTA BARBARA MUNICIPAL AIRPORT, CA US","34.4241","-119.84249","2.5","2022-10-22","6.93",",,W",,,"0.00",",,W,2400",,,"70",",,W","53",",,W","  350",",,W","  350",",,W","19.9",",,W","25.1",",,W","    1",",,W",,,,,,
"USW00023190","SANTA BARBARA MUNICIPAL AIRPORT, CA US","34.4241","-119.84249","2.5","2022-10-23","4.25",",,W",,,"0.00",",,W,2400",,,"73",",,W","47",",,W","   10",",,W","   10",",,W","18.1",",,W","23.9",",,W",,,,,,,,
"USW00023190","SANTA BARBARA MUNICIPAL AIRPORT, CA US","34.4241","-119.84249","2.5","2022-10-24","4.25",",,W",,,"0.00",",,W,2400",,,"71",",,W","44",",,W","  250",",,W","  240",",,W","13.0",",,W","17.0",",,W",,,,,,,,
"USW00023190","SANTA BARBARA MUNICIPAL AIRPORT, CA US","34.4241","-119.84249","2.5","2022-10-25","3.80",",,W",,,"0.00",",,W,2400",,,"71",",,W","45",",,W","   40",",,W","  150",",,W","10.1",",,W","13.0",",,W",,,,,,,,
"USW00023190","SANTA BARBARA MUNICIPAL AIRPORT, CA US","34.4241","-119.84249","2.5","2022-10-26","4.47",",,W",,,"0.00",",,W,2400",,,"72",",,W","43",",,W","  350",",,W","  350",",,W","19.9",",,W","23.9",",,W",,,,,,,"    1",",,W"
"USW00023190","SANTA BARBARA MUNICIPAL AIRPORT, CA US","34.4241","-119.84249","2.5","2022-10-27","3.58",",,W",,,"0.00",",,W,2400",,,"70",",,W","48",",,W","  260",",,W","  250",",,W","10.1",",,W","13.0",",,W",,,,,,,,
"USW00023190","SANTA BARBARA MUNICIPAL AIRPORT, CA US","34.4241","-119.84249","2.5","2022-10-28","2.01",",,W",,,"0.00",",,W,2400",,,"68",",,W","45",",,W","  250",",,W","  250",",,W","10.1",",,W","12.1",",,W",,,,,,,,
"USW00023190","SANTA BARBARA MUNICIPAL AIRPORT, CA US","34.4241","-119.84249","2.5","2022-10-29","2.91",",,W",,,"0.00",",,W,2400",,,"74",",,W","43",",,W","  140",",,W","  210",",,W","10.1",",,W","12.1",",,W",,,,,,,,
"USW00023190","SANTA BARBARA MUNICIPAL AIRPORT, CA US","34.4241","-119.84249","2.5","2022-10-30","3.58",",,W",,,"0.00",",,W,2400",,,"76",",,W","45",",,W","  140",",,W","  140",",,W","10.1",",,W","12.1",",,W",,,,,,,,
"USW00023190","SANTA BARBARA MUNICIPAL AIRPORT, CA US","34.4241","-119.84249","2.5","2022-10-31","1.79",",,W",,,"0.00",",,W,2400",,,"70",",,W","45",",,W","  200",",,W","  200",",,W","12.1",",,W","14.1",",,W",,,,,,,,
"USW00023190","SANTA BARBARA MUNICIPAL AIRPORT, CA US","34.4241","-119.84249","2.5","2022-11-01","5.14",",,W",,,"0.02",",,W,2400",,,"68",",,W","50",",,W","  250",",,W","  250",",,W","15.0",",,W","19.9",",,W","    1",",,W",,,,,"    1",",,W"
"USW00023190","SANTA BARBARA MUNICIPAL AIRPORT, CA US","34.4241","-119.84249","2.5","2022-11-02","10.74",",,W",,,"0.00",",,W,2400",,,"71",",,W","52",",,W","  300",",,W","  310",",,W","21.9",",,W","32.0",",,W",,,,,,,"    1",",,W"
"USW00023190","SANTA BARBARA MUNICIPAL AIRPORT, CA US","34.4241","-119.84249","2.5","2022-11-03","11.63",",,W",,,"0.00",",,W,2400",,,"67",",,W","45",",,W","   40",",,W","   20",",,W","21.9",",,W","29.1",",,W",,,,,,,,
"USW00023190","SANTA BARBARA MUNICIPAL AIRPORT, CA US","34.4241","-119.84249","2.5","2022-11-04","4.03",",,W",,,"0.00",",,W,2400",,,"67",",,W","38",",,W","  230",",,W","  260",",,W","13.0",",,W","16.1",",,W",,,,,,,,
"USW00023190","SANTA BARBARA MUNICIPAL AIRPORT, CA US","34.4241","-119.84249","2.5","2022-11-05","4.03",",,W",,,"0.00",",,W,2400",,,"64",",,W","38",",,W","  130",",,W","  130",",,W","10.1",",,W","12.1",",,W",,,,,,,,
"USW00023190","SANTA BARBARA MUNICIPAL AIRPORT, CA US","34.4241","-119.84249","2.5","2022-11-06","3.36",",,W",,,"0.00",",,W,2400",,,"66",",,W","45",",,W","  140",",,W","  120",",,W","10.1",",,W","12.1",",,W",,,,,,,,
"USW00023190","SANTA BARBARA MUNICIPAL AIRPORT, CA US","34.4241","-119.84249","2.5","2022-11-07","5.14",",,W",,,"0.33",",,W,2400",,,"60",",,W","48",",,W","  100",",,W","  110",",,W","17.0",",,W","23.9",",,W","    1",",,W",,,,,"    1",",,W"
"USW00023190","SANTA BARBARA MUNICIPAL AIRPORT, CA US","34.4241","-119.84249","2.5","2022-11-08","6.93",",,W",,,"0.61",",,W,2400",,,"61",",,W","48",",,W","  260",",,W","  260",",,W","23.0",",,W","31.1",",,W","    1",",,W",,,,,,
"USW00023190","SANTA BARBARA MUNICIPAL AIRPORT, CA US","34.4241","-119.84249","2.5","2022-11-09","5.14",",,W",,,"0.11",",,W,2400",,,"66",",,W","40",",,W","  270",",,W","  260",",,W","17.0",",,W","23.0",",,W","    1",",,W",,,,,,
"USW00023190","SANTA BARBARA MUNICIPAL AIRPORT, CA US","34.4241","-119.84249","2.5","2022-11-10","2.91",",,W",,,"0.00",",,W,2400",,,"64",",,W","36",",,W","  270",",,W","  150",",,W","8.1",",,W","11.0",",,W",,,,,,,,
"USW00023190","SANTA BARBARA MUNICIPAL AIRPORT, CA US","34.4241","-119.84249","2.5","2022-11-11","3.13",",,W",,,"0.00",",,W,2400",,,"68",",,W","37",",,W","  270",",,W","  280",",,W","12.1",",,W","14.1",",,W",,,,,,,,
"USW00023190","SANTA BARBARA MUNICIPAL AIRPORT, CA US","34.4241","-119.84249","2.5","2022-11-12","3.58",",,W",,,"0.00",",,W,2400",,,"65",",,W","38",",,W","   10",",,W","  150",",,W","10.1",",,W","13.0",",,W",,,,,,,,
"USW00023190","SANTA BARBARA MUNICIPAL AIRPORT, CA US","34.4241","-119.84249","2.5","2022-11-13","5.37",",,W",,,"0.00",",,W,2400",,,"69",",,W","40",",,W","  220",",,W","  230",",,W","18.1",",,W","21.9",",,W",,,,,,,,
"USW00023190","SANTA BARBARA MUNICIPAL AIRPORT, CA US","34.4241","-119.84249","2.5","2022-11-14","2.01",",,W",,,"0.00",",,W,2400",,,"65",",,W","36",",,W","  250",",,W","  250",",,W","8.9",",,W","12.1",",,W",,,,,,,,
"USW00023190","SANTA BARBARA MUNICIPAL AIRPORT, CA US","34.4241","-119.84249","2.5","2022-11-15","2.91",",,W",,,"0.00",",,W,2400",,,"67",",,W","36",",,W","  250",",,W","  250",",,W","10.1",",,W","12.1",",,W",,,,,,,,
"USW00023190","SANTA BARBARA MUNICIPAL AIRPORT, CA US","34.4241","-119.84249","2.5","2022-11-16","2.91",",,W",,,"0.00",",,W,2400",,,"72",",,W","35",",,W","  270",",,W","  260",",,W","12.1",",,W","13.0",",,W",,,,,,,,
"USW00023190","SANTA BARBARA MUNICIPAL AIRPORT, CA US","34.4241","-119.84249","2.5","2022-11-17","2.91",",,W",,,"0.00",",,W,2400",,,"68",",,W","34",",,W","  250",",,W","  240",",,W","13.0",",,W","15.0",",,W",,,,,,,,
"USW00023190","SANTA BARBARA MUNICIPAL AIRPORT, CA US","34.4241","-119.84249","2.5","2022-11-18","1.79",",,W",,,"0.00",",,W,2400",,,"67",",,W","35",",,W","  150",",,W","  140",",,W","8.1",",,W","10.1",",,W",,,,,,,,
"USW00023190","SANTA BARBARA MUNICIPAL AIRPORT, CA US","34.4241","-119.84249","2.5","2022-11-19","2.68",",,W",,,"0.00",",,W,2400",,,"71",",,W","36",",,W","  260",",,W","  270",",,W","15.0",",,W","18.1",",,W",,,,,,,,
"USW00023190","SANTA BARBARA MUNICIPAL AIRPORT, CA US","34.4241","-119.84249","2.5","2022-11-20","2.46",",,W",,,"0.00",",,W,2400",,,"71",",,W","34",",,W","  250",",,W","  250",",,W","13.0",",,W","15.0",",,W",,,,,,,,
"USW00023190","SANTA BARBARA MUNICIPAL AIRPORT, CA US","34.4241","-119.84249","2.5","2022-11-21","2.01",",,W",,,"0.00",",,W,2400",,,"72",",,W","36",",,W","  250",",,W","  250",",,W","8.1",",,W","10.1",",,W",,,,,,,,
"USW00023190","SANTA BARBARA MUNICIPAL AIRPORT, CA US","34.4241","-119.84249","2.5","2022-11-22","1.79",",,W",,,"0.00",",,W,2400",,,"69",",,W","34",",,W","  230",",,W","  250",",,W","8.1",",,W","11.0",",,W",,,,,,,,
"USW00023190","SANTA BARBARA MUNICIPAL AIRPORT, CA US","34.4241","-119.84249","2.5","2022-11-23","2.01",",,W",,,"0.00",",,W,2400",,,"69",",,W","35",",,W","  140",",,W","  140",",,W","8.1",",,W","8.9",",,W",,,,,,,,
"USW00023190","SANTA BARBARA MUNICIPAL AIRPORT, CA US","34.4241","-119.84249","2.5","2022-11-24","4.03",",,W",,,"0.00",",,W,2400",,,"75",",,W","37",",,W","  270",",,W","  270",",,W","15.0",",,W","18.1",",,W",,,,,,,,
"USW00023190","SANTA BARBARA MUNICIPAL AIRPORT, CA US","34.4241","-119.84249","2.5","2022-11-25","3.80",",,W",,,"0.00",",,W,2400",,,"74",",,W","36",",,W","  270",",,W","  260",",,W","13.0",",,W","17.0",",,W",,,,,,,,
"USW00023190","SANTA BARBARA MUNICIPAL AIRPORT, CA US","34.4241","-119.84249","2.5","2022-11-26","2.91",",,W",,,"0.00",",,W,2400",,,"65",",,W","36",",,W","  150",",,W","  140",",,W","8.9",",,W","11.0",",,W",,,,,,,,
"USW00023190","SANTA BARBARA MUNICIPAL AIRPORT, CA US","34.4241","-119.84249","2.5","2022-11-27","3.80",",,W",,,"0.00",",,W,2400",,,"66",",,W","37",",,W","  250",",,W","  250",",,W","12.1",",,W","13.0",",,W","    1",",,W",,,,,"    1",",,W"
"USW00023190","SANTA BARBARA MUNICIPAL AIRPORT, CA US","34.4241","-119.84249","2.5","2022-11-28","2.91",",,W",,,"0.00",",,W,2400",,,"62",",,W","44",",,W","  210",",,W","  200",",,W","8.9",",,W","13.0",",,W",,,,,,,,
"USW00023190","SANTA BARBARA MUNICIPAL AIRPORT, CA US","34.4241","-119.84249","2.5","2022-11-29","2.68",",,W",,,"0.00",",,W,2400",,,"61",",,W","38",",,W","  140",",,W","  130",",,W","13.0",",,W","15.0",",,W",,,,,,,,
"USW00023190","SANTA BARBARA MUNICIPAL AIRPORT, CA US","34.4241","-119.84249","2.5","2022-11-30","3.58",",,W",,,"0.00",",,W,2400",,,"63",",,W","40",",,W","  150",",,W","  140",",,W","14.1",",,W","16.1",",,W",,,,,,,,
"USW00023190","SANTA BARBARA MUNICIPAL AIRPORT, CA US","34.4241","-119.84249","2.5","2022-12-01","4.92",",,W",,,"0.18",",,W,2400",,,"59",",,W","52",",,W","   90",",,W","   90",",,W","13.0",",,W","16.1",",,W","    1",",,W",,,,,,
"USW00023190","SANTA BARBARA MUNICIPAL AIRPORT, CA US","34.4241","-119.84249","2.5","2022-12-02","7.38",",,W",,,"0.89",",,W,2400",,,"60",",,W","53",",,W","   90",",,W","  110",",,W","12.1",",,W","16.1",",,W","    1",",,W",,,,,"    1",",,W"
"USW00023190","SANTA BARBARA MUNICIPAL AIRPORT, CA US","34.4241","-119.84249","2.5","2022-12-03","2.91",",,W",,,"0.03",",,W,2400",,,"65",",,W","57",",,W","  190",",,W","  210",",,W","8.1",",,W","8.9",",,W","    1",",,W",,,,,,
"USW00023190","SANTA BARBARA MUNICIPAL AIRPORT, CA US","34.4241","-119.84249","2.5","2022-12-04","4.03",",,W",,,"0.53",",,W,2400",,,"61",",,W","47",",,W","   70",",,W","   80",",,W","12.1",",,W","13.0",",,W","    1",",,W",,,,,,
"USW00023190","SANTA BARBARA MUNICIPAL AIRPORT, CA US","34.4241","-119.84249","2.5","2022-12-05","4.25",",,W",,,"0.00",",,W,2400",,,"65",",,W","42",",,W","  270",",,W","  250",",,W","18.1",",,W","23.9",",,W","    1",",,W",,,,,,
"USW00023190","SANTA BARBARA MUNICIPAL AIRPORT, CA US","34.4241","-119.84249","2.5","2022-12-06","3.58",",,W",,,"0.00",",,W,2400",,,"61",",,W","41",",,W","  270",",,W","  270",",,W","15.0",",,W","19.0",",,W",,,,,,,,
"USW00023190","SANTA BARBARA MUNICIPAL AIRPORT, CA US","34.4241","-119.84249","2.5","2022-12-07","3.13",",,W",,,"0.00",",,W,2400",,,"60",",,W","39",",,W","  260",",,W","  250",",,W","13.0",",,W","15.0",",,W",,,,,,,,
"USW00023190","SANTA BARBARA MUNICIPAL AIRPORT, CA US","34.4241","-119.84249","2.5","2022-12-08","3.13",",,W",,,"0.00",",,W,2400",,,"61",",,W","40",",,W","  260",",,W","  270",",,W","14.1",",,W","18.1",",,W",,,,,,,,
"USW00023190","SANTA BARBARA MUNICIPAL AIRPORT, CA US","34.4241","-119.84249","2.5","2022-12-09","2.46",",,W",,,"0.00",",,W,2400",,,"64",",,W","36",",,W","   80",",,W","  260",",,W","8.9",",,W","15.0",",,W",,,,,,,,
"USW00023190","SANTA BARBARA MUNICIPAL AIRPORT, CA US","34.4241","-119.84249","2.5","2022-12-10","7.83",",,W",,,"0.52",",,W,2400",,,"59",",,W","45",",,W","  180",",,W","  180",",,W","19.9",",,W","28.0",",,W","    1",",,W",,,,,,
"USW00023190","SANTA BARBARA MUNICIPAL AIRPORT, CA US","34.4241","-119.84249","2.5","2022-12-11","8.05",",,W",,,"0.42",",,W,2400",,,"59",",,W","40",",,W","  280",",,W","  280",",,W","25.1",",,W","32.0",",,W","    1",",,W",,,,,,
"USW00023190","SANTA BARBARA MUNICIPAL AIRPORT, CA US","34.4241","-119.84249","2.5","2022-12-12","4.92",",,W",,,"0.31",",,W,2400",,,"56",",,W","41",",,W","  360",",,W","   10",",,W","13.0",",,W","14.1",",,W","    1",",,W",,,,,,
"USW00023190","SANTA BARBARA MUNICIPAL AIRPORT, CA US","34.4241","-119.84249","2.5","2022-12-13","3.58",",,W",,,"0.00",",,W,2400",,,"58",",,W","33",",,W","  240",",,W","  250",",,W","10.1",",,W","13.0",",,W",,,,,,,,
"USW00023190","SANTA BARBARA MUNICIPAL AIRPORT, CA US","34.4241","-119.84249","2.5","2022-12-14","2.91",",,W",,,"0.00",",,W,2400",,,"59",",,W","36",",,W","  260",",,W","  270",",,W","14.1",",,W","16.1",",,W",,,,,,,,
"USW00023190","SANTA BARBARA MUNICIPAL AIRPORT, CA US","34.4241","-119.84249","2.5","2022-12-15","2.24",",,W",,,"0.00",",,W,2400",,,"59",",,W","40",",,W","  150",",,W","  140",",,W","8.1",",,W","10.1",",,W",,,,,,,,
"USW00023190","SANTA BARBARA MUNICIPAL AIRPORT, CA US","34.4241","-119.84249","2.5","2022-12-16","1.57",",,W",,,"0.00",",,W,2400",,,"67",",,W","40",",,W","  250",",,W","  120",",,W","6.9",",,W","8.9",",,W",,,,,,,,
"USW00023190","SANTA BARBARA MUNICIPAL AIRPORT, CA US","34.4241","-119.84249","2.5","2022-12-17","1.57",",,W",,,"0.00",",,W,2400",,,"63",",,W","36",",,W","  230",",,W","  250",",,W","8.9",",,W","12.1",",,W",,,,,,,,
"USW00023190","SANTA BARBARA MUNICIPAL AIRPORT, CA US","34.4241","-119.84249","2.5","2022-12-18","2.24",",,W",,,"0.00",",,W,2400",,,"61",",,W","34",",,W","  210",",,W","  140",",,W","8.9",",,W","11.0",",,W",,,,,,,,
"USW00023190","SANTA BARBARA MUNICIPAL AIRPORT, CA US","34.4241","-119.84249","2.5","2022-12-19","2.91",",,W",,,"0.00",",,W,2400",,,"62",",,W","37",",,W","  260",",,W","  240",",,W","8.9",",,W","13.0",",,W",,,,,,,,
"USW00023190","SANTA BARBARA MUNICIPAL AIRPORT, CA US","34.4241","-119.84249","2.5","2022-12-20","2.01",",,W",,,"0.00",",,W,2400",,,"63",",,W","38",",,W","   40",",,W","   20",",,W","8.1",",,W","8.9",",,W",,,,,,,,
"USW00023190","SANTA BARBARA MUNICIPAL AIRPORT, CA US","34.4241","-119.84249","2.5","2022-12-21","2.68",",,W",,,"0.00",",,W,2400",,,"65",",,W","39",",,W","  150",",,W","  150",",,W","8.9",",,W","11.0",",,W","    1",",,W",,,,,,
"USW00023190","SANTA BARBARA MUNICIPAL AIRPORT, CA US","34.4241","-119.84249","2.5","2022-12-22","2.24",",,W",,,"0.00",",,W,2400",,,"66",",,W","41",",,W","   40",",,W","  240",",,W","8.1",",,W","10.1",",,W",,,,,,,,
"USW00023190","SANTA BARBARA MUNICIPAL AIRPORT, CA US","34.4241","-119.84249","2.5","2022-12-23","2.24",",,W",,,"0.00",",,W,2400",,,"65",",,W","41",",,W","  160",",,W","  160",",,W","8.9",",,W","12.1",",,W","    1",",,W",,,,,,
"USW00023190","SANTA BARBARA MUNICIPAL AIRPORT, CA US","34.4241","-119.84249","2.5","2022-12-24","2.24",",,W",,,"0.00",",,W,2400",,,"74",",,W","40",",,W","  240",",,W","  260",",,W","12.1",",,W","13.0",",,W","    1",",,W",,,,,,
"USW00023190","SANTA BARBARA MUNICIPAL AIRPORT, CA US","34.4241","-119.84249","2.5","2022-12-25","2.01",",,W",,,"0.00",",,W,2400",,,"79",",,W","43",",,W","  250",",,W","  240",",,W","10.1",",,W","13.0",",,W",,,,,,,,
"USW00023190","SANTA BARBARA MUNICIPAL AIRPORT, CA US","34.4241","-119.84249","2.5","2022-12-26","1.79",",,W",,,"0.00",",,W,2400",,,"73",",,W","42",",,W","  160",",,W","  150",",,W","8.1",",,W","10.1",",,W","    1",",,W",,,,,,
"USW00023190","SANTA BARBARA MUNICIPAL AIRPORT, CA US","34.4241","-119.84249","2.5","2022-12-27","1.12",",,W",,,"1.01",",,W,2400",,,"60",",,W","51",",,W","  300",",,W","  140",",,W","6.9",",,W","8.9",",,W","    1",",,W",,,,,,
"USW00023190","SANTA BARBARA MUNICIPAL AIRPORT, CA US","34.4241","-119.84249","2.5","2022-12-28","4.25",",,W",,,"0.00",",,W,2400",,,"62",",,W","47",",,W","   20",",,W","   30",",,W","15.0",",,W","17.0",",,W",,,,,,,,
"USW00023190","SANTA BARBARA MUNICIPAL AIRPORT, CA US","34.4241","-119.84249","2.5","2022-12-29","2.91",",,W",,,"0.00","T,,W,2400",,,"60",",,W","52",",,W","  110",",,W","  110",",,W","8.9",",,W","12.1",",,W","    1",",,W",,,,,,
"USW00023190","SANTA BARBARA MUNICIPAL AIRPORT, CA US","34.4241","-119.84249","2.5","2022-12-30","2.46",",,W",,,"0.00",",,W,2400",,,"59",",,W","55",",,W","  140",",,W","  130",",,W","8.1",",,W","10.1",",,W","    1",",,W",,,,,,
"USW00023190","SANTA BARBARA MUNICIPAL AIRPORT, CA US","34.4241","-119.84249","2.5","2022-12-31","5.59",",,W",,,"2.03",",,W,2400",,,"60",",,W","54",",,W","  290",",,W","  290",",,W","16.1",",,W","23.0",",,W","    1",",,W",,,,,,
